#
# There is insufficient memory for the Java Runtime Environment to continue.
# Native memory allocation (mmap) failed to map 367001600 bytes. Error detail: G1 virtual space
# Possible reasons:
#   The system is out of physical RAM or swap space
#   This process is running with CompressedOops enabled, and the Java Heap may be blocking the growth of the native heap
# Possible solutions:
#   Reduce memory load on the system
#   Increase physical memory or swap space
#   Check if swap backing store is full
#   Decrease Java heap size (-Xmx/-Xms)
#   Decrease number of Java threads
#   Decrease Java thread stack sizes (-Xss)
#   Set larger code cache with -XX:ReservedCodeCacheSize=
#   JVM is running with Zero Based Compressed Oops mode in which the Java heap is
#     placed in the first 32GB address space. The Java Heap base address is the
#     maximum limit for the native heap growth. Please use -XX:HeapBaseMinAddress
#     to set the Java Heap base and to place the Java Heap above 32GB virtual address.
# This output file may be truncated or incomplete.
#
#  Out of Memory Error (os_windows.cpp:3710), pid=26680, tid=35708
#
# JRE version: OpenJDK Runtime Environment Microsoft-11926163 (17.0.16+8) (build 17.0.16+8-LTS)
# Java VM: OpenJDK 64-Bit Server VM Microsoft-11926163 (17.0.16+8-LTS, mixed mode, sharing, tiered, compressed oops, compressed class ptrs, g1 gc, windows-amd64)
# No core dump will be written. Minidumps are not enabled by default on client versions of Windows
#

---------------  S U M M A R Y ------------

Command Line: --add-opens=java.base/java.lang=ALL-UNNAMED --add-opens=java.base/java.lang.invoke=ALL-UNNAMED --add-opens=java.base/java.util=ALL-UNNAMED --add-opens=java.prefs/java.util.prefs=ALL-UNNAMED --add-exports=jdk.compiler/com.sun.tools.javac.api=ALL-UNNAMED --add-exports=jdk.compiler/com.sun.tools.javac.util=ALL-UNNAMED --add-opens=java.base/java.util=ALL-UNNAMED --add-opens=java.prefs/java.util.prefs=ALL-UNNAMED --add-opens=java.base/java.nio.charset=ALL-UNNAMED --add-opens=java.base/java.net=ALL-UNNAMED --add-opens=java.base/java.util.concurrent=ALL-UNNAMED --add-opens=java.base/java.util.concurrent.atomic=ALL-UNNAMED --add-opens=java.xml/javax.xml.namespace=ALL-UNNAMED --add-opens=java.base/java.time=ALL-UNNAMED -XX:MaxMetaspaceSize=512m -Xmx4096m -Dfile.encoding=windows-1252 -Duser.country=IN -Duser.language=en -Duser.variant -javaagent:C:\Users\ASUS\.gradle\wrapper\dists\gradle-9.3.1-bin\23ovyewtku6u96viwx3xl3oks\gradle-9.3.1\lib\agents\gradle-instrumentation-agent-9.3.1.jar org.gradle.launcher.daemon.bootstrap.GradleDaemon 9.3.1

Host: 11th Gen Intel(R) Core(TM) i5-11400H @ 2.70GHz, 12 cores, 7G,  Windows 11 , 64 bit Build 26100 (10.0.26100.8875)
Time: Thu Jul 30 17:34:32 2026 India Standard Time elapsed time: 123.656405 seconds (0d 0h 2m 3s)

---------------  T H R E A D  ---------------

Current thread (0x000002c77f2521a0):  VMThread "VM Thread" [stack: 0x000000e0acc00000,0x000000e0acd00000] [id=35708]

Stack: [0x000000e0acc00000,0x000000e0acd00000]
Native frames: (J=compiled Java code, j=interpreted, Vv=VM code, C=native code)
V  [jvm.dll+0x68ee19]
V  [jvm.dll+0x846249]
V  [jvm.dll+0x847fb8]
V  [jvm.dll+0x848643]
V  [jvm.dll+0x24cf6f]
V  [jvm.dll+0x68bde9]
V  [jvm.dll+0x6803aa]
V  [jvm.dll+0x30ffc0]
V  [jvm.dll+0x30fe62]
V  [jvm.dll+0x3173b9]
V  [jvm.dll+0x3695e9]
V  [jvm.dll+0x36981d]
V  [jvm.dll+0x2e683a]
V  [jvm.dll+0x2e4c31]
V  [jvm.dll+0x2e43cc]
V  [jvm.dll+0x328ceb]
V  [jvm.dll+0x84cecd]
V  [jvm.dll+0x84dbe3]
V  [jvm.dll+0x84e114]
V  [jvm.dll+0x84e4f8]
V  [jvm.dll+0x84e5ee]
V  [jvm.dll+0x7f5e9c]
V  [jvm.dll+0x68dd27]
C  [ucrtbase.dll+0x2cd30]
C  [KERNEL32.DLL+0x2e957]
C  [ntdll.dll+0xaad6c]

VM_Operation (0x000000e0b69f9460): G1CollectForAllocation, mode: safepoint, requested by thread 0x000002c738e61e90


---------------  P R O C E S S  ---------------

Threads class SMR info:
_java_thread_list=0x000002c742a2c220, length=205, elements={
0x000002c770e4a030, 0x000002c77f255180, 0x000002c77f255c50, 0x000002c77f2735f0,
0x000002c77f273ec0, 0x000002c77f274790, 0x000002c77f275060, 0x000002c77f276270,
0x000002c77f276c30, 0x000002c77f27f580, 0x000002c77f240910, 0x000002c77f604a90,
0x000002c7342dcb70, 0x000002c7351644a0, 0x000002c7352bb010, 0x000002c7354a0b70,
0x000002c77fbb4bc0, 0x000002c77fbb41a0, 0x000002c77fbb6000, 0x000002c77fbb50d0,
0x000002c77fbb55e0, 0x000002c77fbb46b0, 0x000002c77fbb2d60, 0x000002c77fbb3270,
0x000002c77fbb3780, 0x000002c736b5d5e0, 0x000002c736b5daf0, 0x000002c736b5ea20,
0x000002c736b5d0d0, 0x000002c736b5c1a0, 0x000002c736b5e510, 0x000002c736b5bc90,
0x000002c736b5f950, 0x000002c736b5c6b0, 0x000002c736b60370, 0x000002c736b5cbc0,
0x000002c736b60880, 0x000002c736b60d90, 0x000002c736b612a0, 0x000002c736b617b0,
0x000002c736b5e000, 0x000002c736b63610, 0x000002c736b61cc0, 0x000002c736b621d0,
0x000002c736b626e0, 0x000002c736b62bf0, 0x000002c737eb7630, 0x000002c737eb8560,
0x000002c737eb7b40, 0x000002c737eb5ce0, 0x000002c737eb8050, 0x000002c737eb8a70,
0x000002c737eb6700, 0x000002c737eb8f80, 0x000002c737eb6c10, 0x000002c737eb57d0,
0x000002c737eb7120, 0x000002c737eb9490, 0x000002c737eb99a0, 0x000002c737eb61f0,
0x000002c737ebb2f0, 0x000002c737ebcc40, 0x000002c737eb9eb0, 0x000002c737eba3c0,
0x000002c737eba8d0, 0x000002c737ebc220, 0x000002c737ebb800, 0x000002c737ebbd10,
0x000002c737ebc730, 0x000002c737ebd150, 0x000002c737ebade0, 0x000002c739950bc0,
0x000002c7399510d0, 0x000002c739952000, 0x000002c739953440, 0x000002c739952a20,
0x000002c7399501a0, 0x000002c739952f30, 0x000002c739953e60, 0x000002c7399506b0,
0x000002c7399557b0, 0x000002c7399561d0, 0x000002c739954880, 0x000002c739955cc0,
0x000002c739954d90, 0x000002c7399566e0, 0x000002c739957610, 0x000002c739954370,
0x000002c739956bf0, 0x000002c739957100, 0x000002c7393bb430, 0x000002c7393b9ff0,
0x000002c7393b7c80, 0x000002c7393b95d0, 0x000002c7393b9ae0, 0x000002c7393baa10,
0x000002c7393baf20, 0x000002c7393ba500, 0x000002c7393bb940, 0x000002c7393b8190,
0x000002c7393bbe50, 0x000002c7393b86a0, 0x000002c7393bc360, 0x000002c7393b8bb0,
0x000002c7393bc870, 0x000002c7393b90c0, 0x000002c7393bebe0, 0x000002c7393be1c0,
0x000002c7393bf0f0, 0x000002c7393be6d0, 0x000002c7393bf600, 0x000002c7393bd7a0,
0x000002c7393bcd80, 0x000002c7393bd290, 0x000002c7393bdcb0, 0x000002c736e265d0,
0x000002c736e25190, 0x000002c736e27f20, 0x000002c736e24770, 0x000002c736e26ae0,
0x000002c736e26ff0, 0x000002c736e256a0, 0x000002c736e27a10, 0x000002c736e24c80,
0x000002c736e25bb0, 0x000002c736e260c0, 0x000002c736e27500, 0x000002c738e5cd90,
0x000002c738e5e1d0, 0x000002c738e5e6e0, 0x000002c738e5ebf0, 0x000002c738e5d7b0,
0x000002c738e5b440, 0x000002c738e5c370, 0x000002c738e5f100, 0x000002c738e5be60,
0x000002c738e5c880, 0x000002c738e5dcc0, 0x000002c738e5b950, 0x000002c738e60030,
0x000002c738e61470, 0x000002c738e5f610, 0x000002c738e60f60, 0x000002c738e61980,
0x000002c738e62dc0, 0x000002c738e61e90, 0x000002c738e623a0, 0x000002c738e628b0,
0x000002c738e5fb20, 0x000002c738e60540, 0x000002c738e60a50, 0x000002c7394b3000,
0x000002c7394b4950, 0x000002c7394b25e0, 0x000002c7394b11a0, 0x000002c7394b4e60,
0x000002c7394b20d0, 0x000002c7394b1bc0, 0x000002c7394b2af0, 0x000002c7394b67b0,
0x000002c7394b3510, 0x000002c7394b3a20, 0x000002c7394b3f30, 0x000002c7394b4440,
0x000002c7394b16b0, 0x000002c7394b6cc0, 0x000002c7394b8610, 0x000002c7394b5880,
0x000002c7394b8b20, 0x000002c7394b5370, 0x000002c7394b5d90, 0x000002c7394b62a0,
0x000002c7394b71d0, 0x000002c7394b76e0, 0x000002c7394b7bf0, 0x000002c7394b8100,
0x000002c736b5ef30, 0x000002c738b5a470, 0x000002c738b5b8b0, 0x000002c738b5b3a0,
0x000002c738b5c2d0, 0x000002c738b5a980, 0x000002c738b5ae90, 0x000002c738b5d710,
0x000002c738b5c7e0, 0x000002c738b5ccf0, 0x000002c738b5d200, 0x000002c738b5e640,
0x000002c738b5f060, 0x000002c738b5bdc0, 0x000002c738b5fa80, 0x000002c738b604a0,
0x000002c736b63100, 0x000002c77fbb5af0, 0x000002c73b9d74c0, 0x000002c73b9da760,
0x000002c73b9db690, 0x000002c73b9dbba0, 0x000002c7418595a0, 0x000002c741857230,
0x000002c741858b80, 0x000002c741856d20, 0x000002c741859fc0, 0x000002c741859090,
0x000002c74185a4d0
}

Java Threads: ( => current thread )
  0x000002c770e4a030 JavaThread "main" [_thread_blocked, id=34432, stack(0x000000e0ac600000,0x000000e0ac700000)]
  0x000002c77f255180 JavaThread "Reference Handler" daemon [_thread_blocked, id=30276, stack(0x000000e0acd00000,0x000000e0ace00000)]
  0x000002c77f255c50 JavaThread "Finalizer" daemon [_thread_blocked, id=21472, stack(0x000000e0ace00000,0x000000e0acf00000)]
  0x000002c77f2735f0 JavaThread "Signal Dispatcher" daemon [_thread_blocked, id=18820, stack(0x000000e0acf00000,0x000000e0ad000000)]
  0x000002c77f273ec0 JavaThread "Attach Listener" daemon [_thread_blocked, id=3560, stack(0x000000e0ad000000,0x000000e0ad100000)]
  0x000002c77f274790 JavaThread "Service Thread" daemon [_thread_blocked, id=34724, stack(0x000000e0ad100000,0x000000e0ad200000)]
  0x000002c77f275060 JavaThread "Monitor Deflation Thread" daemon [_thread_blocked, id=20832, stack(0x000000e0ad200000,0x000000e0ad300000)]
  0x000002c77f276270 JavaThread "C2 CompilerThread0" daemon [_thread_blocked, id=27676, stack(0x000000e0ad300000,0x000000e0ad400000)]
  0x000002c77f276c30 JavaThread "C1 CompilerThread0" daemon [_thread_blocked, id=14828, stack(0x000000e0ad400000,0x000000e0ad500000)]
  0x000002c77f27f580 JavaThread "Sweeper thread" daemon [_thread_blocked, id=25396, stack(0x000000e0ad500000,0x000000e0ad600000)]
  0x000002c77f240910 JavaThread "Common-Cleaner" daemon [_thread_blocked, id=25956, stack(0x000000e0ad600000,0x000000e0ad700000)]
  0x000002c77f604a90 JavaThread "Notification Thread" daemon [_thread_blocked, id=13256, stack(0x000000e0ad700000,0x000000e0ad800000)]
  0x000002c7342dcb70 JavaThread "Daemon health stats" [_thread_blocked, id=5656, stack(0x000000e0ae000000,0x000000e0ae100000)]
  0x000002c7351644a0 JavaThread "Incoming local TCP Connector on port 52161" [_thread_in_native, id=32988, stack(0x000000e0ae100000,0x000000e0ae200000)]
  0x000002c7352bb010 JavaThread "Daemon periodic checks" [_thread_blocked, id=2464, stack(0x000000e0ae200000,0x000000e0ae300000)]
  0x000002c7354a0b70 JavaThread "Daemon" [_thread_blocked, id=29180, stack(0x000000e0ae300000,0x000000e0ae400000)]
  0x000002c77fbb4bc0 JavaThread "Handler for socket connection from /127.0.0.1:52161 to /127.0.0.1:52162" [_thread_in_native, id=35152, stack(0x000000e0ae400000,0x000000e0ae500000)]
  0x000002c77fbb41a0 JavaThread "Cancel handler" [_thread_blocked, id=4180, stack(0x000000e0ae500000,0x000000e0ae600000)]
  0x000002c77fbb6000 JavaThread "Daemon worker" [_thread_blocked, id=30672, stack(0x000000e0ae600000,0x000000e0ae700000)]
  0x000002c77fbb50d0 JavaThread "Asynchronous log dispatcher for DefaultDaemonConnection: socket connection from /127.0.0.1:52161 to /127.0.0.1:52162" [_thread_blocked, id=17760, stack(0x000000e0ae700000,0x000000e0ae800000)]
  0x000002c77fbb55e0 JavaThread "Stdin handler" [_thread_blocked, id=35668, stack(0x000000e0ae800000,0x000000e0ae900000)]
  0x000002c77fbb46b0 JavaThread "Daemon client event forwarder" [_thread_blocked, id=17000, stack(0x000000e0ae900000,0x000000e0aea00000)]
  0x000002c77fbb2d60 JavaThread "Cache worker for journal cache (C:\Users\ASUS\.gradle\caches\journal-1)" [_thread_blocked, id=5736, stack(0x000000e0aeb00000,0x000000e0aec00000)]
  0x000002c77fbb3270 JavaThread "File lock request listener" [_thread_in_native, id=13960, stack(0x000000e0aec00000,0x000000e0aed00000)]
  0x000002c77fbb3780 JavaThread "Cache worker for file hash cache (C:\Users\ASUS\.gradle\caches\9.3.1\fileHashes)" [_thread_blocked, id=35532, stack(0x000000e0aed00000,0x000000e0aee00000)]
  0x000002c736b5d5e0 JavaThread "Cache worker for file hash cache (C:\Users\ASUS\Desktop\trackMate\android\.gradle\9.3.1\fileHashes)" [_thread_blocked, id=33164, stack(0x000000e0af200000,0x000000e0af300000)]
  0x000002c736b5daf0 JavaThread "Cache worker for Build Output Cleanup Cache (C:\Users\ASUS\Desktop\trackMate\android\.gradle\buildOutputCleanup)" [_thread_blocked, id=29008, stack(0x000000e0af300000,0x000000e0af400000)]
  0x000002c736b5ea20 JavaThread "File watcher server" daemon [_thread_blocked, id=35660, stack(0x000000e0af400000,0x000000e0af500000)]
  0x000002c736b5d0d0 JavaThread "File watcher consumer" daemon [_thread_blocked, id=10540, stack(0x000000e0af500000,0x000000e0af600000)]
  0x000002c736b5c1a0 JavaThread "Cache worker for checksums cache (C:\Users\ASUS\Desktop\trackMate\android\.gradle\9.3.1\checksums)" [_thread_blocked, id=8052, stack(0x000000e0af600000,0x000000e0af700000)]
  0x000002c736b5e510 JavaThread "Cache worker for file content cache (C:\Users\ASUS\.gradle\caches\9.3.1\fileContent)" [_thread_blocked, id=27812, stack(0x000000e0af700000,0x000000e0af800000)]
  0x000002c736b5bc90 JavaThread "Cache worker for cache directory md-supplier (C:\Users\ASUS\.gradle\caches\9.3.1\md-supplier)" [_thread_blocked, id=35284, stack(0x000000e0af800000,0x000000e0af900000)]
  0x000002c736b5f950 JavaThread "Cache worker for cache directory md-rule (C:\Users\ASUS\.gradle\caches\9.3.1\md-rule)" [_thread_blocked, id=35704, stack(0x000000e0af900000,0x000000e0afa00000)]
  0x000002c736b5c6b0 JavaThread "jar transforms" [_thread_blocked, id=4980, stack(0x000000e0afa00000,0x000000e0afb00000)]
  0x000002c736b60370 JavaThread "Cache worker for Build Output Cleanup Cache (C:\Users\ASUS\Desktop\trackMate\node_modules\@react-native\gradle-plugin\.gradle\buildOutputCleanup)" [_thread_blocked, id=11936, stack(0x000000e0aea00000,0x000000e0aeb00000)]
  0x000002c736b5cbc0 JavaThread "Unconstrained build operations" [_thread_blocked, id=20128, stack(0x000000e0afc00000,0x000000e0afd00000)]
  0x000002c736b60880 JavaThread "Unconstrained build operations Thread 2" [_thread_blocked, id=23092, stack(0x000000e0afd00000,0x000000e0afe00000)]
  0x000002c736b60d90 JavaThread "Unconstrained build operations Thread 3" [_thread_blocked, id=34400, stack(0x000000e0afe00000,0x000000e0aff00000)]
  0x000002c736b612a0 JavaThread "Unconstrained build operations Thread 4" [_thread_blocked, id=8776, stack(0x000000e0aff00000,0x000000e0b0000000)]
  0x000002c736b617b0 JavaThread "Unconstrained build operations Thread 5" [_thread_blocked, id=7508, stack(0x000000e0b0000000,0x000000e0b0100000)]
  0x000002c736b5e000 JavaThread "Unconstrained build operations Thread 6" [_thread_blocked, id=14900, stack(0x000000e0b0100000,0x000000e0b0200000)]
  0x000002c736b63610 JavaThread "Unconstrained build operations Thread 7" [_thread_blocked, id=19556, stack(0x000000e0b0200000,0x000000e0b0300000)]
  0x000002c736b61cc0 JavaThread "Unconstrained build operations Thread 8" [_thread_blocked, id=31336, stack(0x000000e0b0300000,0x000000e0b0400000)]
  0x000002c736b621d0 JavaThread "Unconstrained build operations Thread 9" [_thread_blocked, id=5496, stack(0x000000e0b0400000,0x000000e0b0500000)]
  0x000002c736b626e0 JavaThread "Unconstrained build operations Thread 10" [_thread_blocked, id=25592, stack(0x000000e0b0500000,0x000000e0b0600000)]
  0x000002c736b62bf0 JavaThread "Unconstrained build operations Thread 11" [_thread_blocked, id=33428, stack(0x000000e0b0600000,0x000000e0b0700000)]
  0x000002c737eb7630 JavaThread "Unconstrained build operations Thread 12" [_thread_blocked, id=10524, stack(0x000000e0b0700000,0x000000e0b0800000)]
  0x000002c737eb8560 JavaThread "Unconstrained build operations Thread 13" [_thread_blocked, id=7100, stack(0x000000e0b0800000,0x000000e0b0900000)]
  0x000002c737eb7b40 JavaThread "Unconstrained build operations Thread 14" [_thread_blocked, id=20992, stack(0x000000e0b0900000,0x000000e0b0a00000)]
  0x000002c737eb5ce0 JavaThread "Unconstrained build operations Thread 15" [_thread_blocked, id=33496, stack(0x000000e0b0a00000,0x000000e0b0b00000)]
  0x000002c737eb8050 JavaThread "Unconstrained build operations Thread 16" [_thread_blocked, id=21144, stack(0x000000e0b0b00000,0x000000e0b0c00000)]
  0x000002c737eb8a70 JavaThread "Unconstrained build operations Thread 17" [_thread_blocked, id=15424, stack(0x000000e0b0c00000,0x000000e0b0d00000)]
  0x000002c737eb6700 JavaThread "Unconstrained build operations Thread 18" [_thread_blocked, id=24896, stack(0x000000e0b0d00000,0x000000e0b0e00000)]
  0x000002c737eb8f80 JavaThread "Unconstrained build operations Thread 19" [_thread_blocked, id=34276, stack(0x000000e0b0e00000,0x000000e0b0f00000)]
  0x000002c737eb6c10 JavaThread "Unconstrained build operations Thread 20" [_thread_blocked, id=15016, stack(0x000000e0b0f00000,0x000000e0b1000000)]
  0x000002c737eb57d0 JavaThread "Unconstrained build operations Thread 21" [_thread_blocked, id=28500, stack(0x000000e0b1000000,0x000000e0b1100000)]
  0x000002c737eb7120 JavaThread "Unconstrained build operations Thread 22" [_thread_blocked, id=12024, stack(0x000000e0b1100000,0x000000e0b1200000)]
  0x000002c737eb9490 JavaThread "Unconstrained build operations Thread 23" [_thread_blocked, id=3264, stack(0x000000e0b1200000,0x000000e0b1300000)]
  0x000002c737eb99a0 JavaThread "Unconstrained build operations Thread 24" [_thread_blocked, id=18588, stack(0x000000e0b1300000,0x000000e0b1400000)]
  0x000002c737eb61f0 JavaThread "Unconstrained build operations Thread 25" [_thread_blocked, id=6720, stack(0x000000e0b1400000,0x000000e0b1500000)]
  0x000002c737ebb2f0 JavaThread "Unconstrained build operations Thread 26" [_thread_blocked, id=27012, stack(0x000000e0b1500000,0x000000e0b1600000)]
  0x000002c737ebcc40 JavaThread "Unconstrained build operations Thread 27" [_thread_blocked, id=17496, stack(0x000000e0b1600000,0x000000e0b1700000)]
  0x000002c737eb9eb0 JavaThread "Unconstrained build operations Thread 28" [_thread_blocked, id=34256, stack(0x000000e0b1700000,0x000000e0b1800000)]
  0x000002c737eba3c0 JavaThread "Unconstrained build operations Thread 29" [_thread_blocked, id=22732, stack(0x000000e0b1800000,0x000000e0b1900000)]
  0x000002c737eba8d0 JavaThread "Unconstrained build operations Thread 30" [_thread_blocked, id=31696, stack(0x000000e0b1900000,0x000000e0b1a00000)]
  0x000002c737ebc220 JavaThread "Unconstrained build operations Thread 31" [_thread_blocked, id=27172, stack(0x000000e0b1a00000,0x000000e0b1b00000)]
  0x000002c737ebb800 JavaThread "Unconstrained build operations Thread 32" [_thread_blocked, id=31068, stack(0x000000e0b1b00000,0x000000e0b1c00000)]
  0x000002c737ebbd10 JavaThread "Unconstrained build operations Thread 33" [_thread_blocked, id=28416, stack(0x000000e0b1c00000,0x000000e0b1d00000)]
  0x000002c737ebc730 JavaThread "Unconstrained build operations Thread 34" [_thread_blocked, id=18772, stack(0x000000e0b1d00000,0x000000e0b1e00000)]
  0x000002c737ebd150 JavaThread "Unconstrained build operations Thread 35" [_thread_blocked, id=11672, stack(0x000000e0b1e00000,0x000000e0b1f00000)]
  0x000002c737ebade0 JavaThread "Unconstrained build operations Thread 36" [_thread_blocked, id=33524, stack(0x000000e0b1f00000,0x000000e0b2000000)]
  0x000002c739950bc0 JavaThread "build event listener" [_thread_blocked, id=34024, stack(0x000000e0b2000000,0x000000e0b2100000)]
  0x000002c7399510d0 JavaThread "Memory manager" [_thread_blocked, id=35276, stack(0x000000e0b2100000,0x000000e0b2200000)]
  0x000002c739952000 JavaThread "Problems report writer" [_thread_blocked, id=17856, stack(0x000000e0b2200000,0x000000e0b2300000)]
  0x000002c739953440 JavaThread "ForkJoinPool.commonPool-worker-1" daemon [_thread_blocked, id=23296, stack(0x000000e0b2300000,0x000000e0b2400000)]
  0x000002c739952a20 JavaThread "ForkJoinPool.commonPool-worker-2" daemon [_thread_blocked, id=31932, stack(0x000000e0b2400000,0x000000e0b2500000)]
  0x000002c7399501a0 JavaThread "ForkJoinPool.commonPool-worker-3" daemon [_thread_blocked, id=22892, stack(0x000000e0b2500000,0x000000e0b2600000)]
  0x000002c739952f30 JavaThread "ForkJoinPool.commonPool-worker-4" daemon [_thread_blocked, id=31096, stack(0x000000e0b2600000,0x000000e0b2700000)]
  0x000002c739953e60 JavaThread "ForkJoinPool.commonPool-worker-5" daemon [_thread_blocked, id=16588, stack(0x000000e0b2700000,0x000000e0b2800000)]
  0x000002c7399506b0 JavaThread "ForkJoinPool.commonPool-worker-6" daemon [_thread_blocked, id=23180, stack(0x000000e0b2800000,0x000000e0b2900000)]
  0x000002c7399557b0 JavaThread "ForkJoinPool.commonPool-worker-7" daemon [_thread_blocked, id=31192, stack(0x000000e0b2900000,0x000000e0b2a00000)]
  0x000002c7399561d0 JavaThread "ForkJoinPool.commonPool-worker-8" daemon [_thread_blocked, id=35368, stack(0x000000e0b2a00000,0x000000e0b2b00000)]
  0x000002c739954880 JavaThread "ForkJoinPool.commonPool-worker-9" daemon [_thread_blocked, id=12532, stack(0x000000e0b2b00000,0x000000e0b2c00000)]
  0x000002c739955cc0 JavaThread "ForkJoinPool.commonPool-worker-10" daemon [_thread_blocked, id=12348, stack(0x000000e0b2c00000,0x000000e0b2d00000)]
  0x000002c739954d90 JavaThread "ForkJoinPool.commonPool-worker-11" daemon [_thread_blocked, id=35228, stack(0x000000e0b2d00000,0x000000e0b2e00000)]
  0x000002c7399566e0 JavaThread "included builds" [_thread_blocked, id=9704, stack(0x000000e0b2e00000,0x000000e0b2f00000)]
  0x000002c739957610 JavaThread "Execution worker" [_thread_blocked, id=20648, stack(0x000000e0b2f00000,0x000000e0b3000000)]
  0x000002c739954370 JavaThread "Execution worker Thread 2" [_thread_blocked, id=20660, stack(0x000000e0b3000000,0x000000e0b3100000)]
  0x000002c739956bf0 JavaThread "Execution worker Thread 3" [_thread_blocked, id=1748, stack(0x000000e0b3100000,0x000000e0b3200000)]
  0x000002c739957100 JavaThread "Execution worker Thread 4" [_thread_blocked, id=29396, stack(0x000000e0b3200000,0x000000e0b3300000)]
  0x000002c7393bb430 JavaThread "Execution worker Thread 5" [_thread_blocked, id=19068, stack(0x000000e0b3300000,0x000000e0b3400000)]
  0x000002c7393b9ff0 JavaThread "Execution worker Thread 6" [_thread_blocked, id=11408, stack(0x000000e0b3400000,0x000000e0b3500000)]
  0x000002c7393b7c80 JavaThread "Execution worker Thread 7" [_thread_blocked, id=19024, stack(0x000000e0b3500000,0x000000e0b3600000)]
  0x000002c7393b95d0 JavaThread "Execution worker Thread 8" [_thread_blocked, id=25412, stack(0x000000e0b3600000,0x000000e0b3700000)]
  0x000002c7393b9ae0 JavaThread "Execution worker Thread 9" [_thread_blocked, id=16152, stack(0x000000e0b3700000,0x000000e0b3800000)]
  0x000002c7393baa10 JavaThread "Execution worker Thread 10" [_thread_blocked, id=7872, stack(0x000000e0b3800000,0x000000e0b3900000)]
  0x000002c7393baf20 JavaThread "Execution worker Thread 11" [_thread_blocked, id=15168, stack(0x000000e0b3900000,0x000000e0b3a00000)]
  0x000002c7393ba500 JavaThread "Cache worker for execution history cache (C:\Users\ASUS\Desktop\trackMate\node_modules\@react-native\gradle-plugin\.gradle\9.3.1\executionHistory)" [_thread_blocked, id=26204, stack(0x000000e0b3a00000,0x000000e0b3b00000)]
  0x000002c7393bb940 JavaThread "Unconstrained build operations Thread 37" [_thread_blocked, id=26656, stack(0x000000e0b3b00000,0x000000e0b3c00000)]
  0x000002c7393b8190 JavaThread "Unconstrained build operations Thread 38" [_thread_blocked, id=11908, stack(0x000000e0b3c00000,0x000000e0b3d00000)]
  0x000002c7393bbe50 JavaThread "Unconstrained build operations Thread 39" [_thread_blocked, id=29484, stack(0x000000e0b3d00000,0x000000e0b3e00000)]
  0x000002c7393b86a0 JavaThread "Unconstrained build operations Thread 40" [_thread_blocked, id=26172, stack(0x000000e0b3e00000,0x000000e0b3f00000)]
  0x000002c7393bc360 JavaThread "Unconstrained build operations Thread 41" [_thread_blocked, id=25140, stack(0x000000e0b3f00000,0x000000e0b4000000)]
  0x000002c7393b8bb0 JavaThread "Unconstrained build operations Thread 42" [_thread_blocked, id=25976, stack(0x000000e0b4000000,0x000000e0b4100000)]
  0x000002c7393bc870 JavaThread "Unconstrained build operations Thread 43" [_thread_blocked, id=34248, stack(0x000000e0b4100000,0x000000e0b4200000)]
  0x000002c7393b90c0 JavaThread "Unconstrained build operations Thread 44" [_thread_blocked, id=9188, stack(0x000000e0b4200000,0x000000e0b4300000)]
  0x000002c7393bebe0 JavaThread "Unconstrained build operations Thread 45" [_thread_blocked, id=17520, stack(0x000000e0b4300000,0x000000e0b4400000)]
  0x000002c7393be1c0 JavaThread "Unconstrained build operations Thread 46" [_thread_blocked, id=6260, stack(0x000000e0b4400000,0x000000e0b4500000)]
  0x000002c7393bf0f0 JavaThread "Unconstrained build operations Thread 47" [_thread_blocked, id=22848, stack(0x000000e0b4500000,0x000000e0b4600000)]
  0x000002c7393be6d0 JavaThread "Unconstrained build operations Thread 48" [_thread_blocked, id=23460, stack(0x000000e0b4600000,0x000000e0b4700000)]
  0x000002c7393bf600 JavaThread "Unconstrained build operations Thread 49" [_thread_blocked, id=30860, stack(0x000000e0b4700000,0x000000e0b4800000)]
  0x000002c7393bd7a0 JavaThread "Unconstrained build operations Thread 50" [_thread_blocked, id=27864, stack(0x000000e0b4800000,0x000000e0b4900000)]
  0x000002c7393bcd80 JavaThread "Unconstrained build operations Thread 51" [_thread_blocked, id=10096, stack(0x000000e0b4900000,0x000000e0b4a00000)]
  0x000002c7393bd290 JavaThread "Unconstrained build operations Thread 52" [_thread_blocked, id=14792, stack(0x000000e0b4a00000,0x000000e0b4b00000)]
  0x000002c7393bdcb0 JavaThread "Unconstrained build operations Thread 53" [_thread_blocked, id=19108, stack(0x000000e0b4b00000,0x000000e0b4c00000)]
  0x000002c736e265d0 JavaThread "Unconstrained build operations Thread 54" [_thread_blocked, id=14700, stack(0x000000e0b4c00000,0x000000e0b4d00000)]
  0x000002c736e25190 JavaThread "Unconstrained build operations Thread 55" [_thread_blocked, id=26060, stack(0x000000e0b4d00000,0x000000e0b4e00000)]
  0x000002c736e27f20 JavaThread "Unconstrained build operations Thread 56" [_thread_blocked, id=28196, stack(0x000000e0b4e00000,0x000000e0b4f00000)]
  0x000002c736e24770 JavaThread "Unconstrained build operations Thread 57" [_thread_blocked, id=26488, stack(0x000000e0b4f00000,0x000000e0b5000000)]
  0x000002c736e26ae0 JavaThread "Unconstrained build operations Thread 58" [_thread_blocked, id=28904, stack(0x000000e0b5000000,0x000000e0b5100000)]
  0x000002c736e26ff0 JavaThread "Unconstrained build operations Thread 59" [_thread_blocked, id=19972, stack(0x000000e0b5100000,0x000000e0b5200000)]
  0x000002c736e256a0 JavaThread "Unconstrained build operations Thread 60" [_thread_blocked, id=22912, stack(0x000000e0b5200000,0x000000e0b5300000)]
  0x000002c736e27a10 JavaThread "Unconstrained build operations Thread 61" [_thread_blocked, id=34412, stack(0x000000e0b5300000,0x000000e0b5400000)]
  0x000002c736e24c80 JavaThread "Unconstrained build operations Thread 62" [_thread_blocked, id=35028, stack(0x000000e0b5400000,0x000000e0b5500000)]
  0x000002c736e25bb0 JavaThread "Unconstrained build operations Thread 63" [_thread_blocked, id=31880, stack(0x000000e0b5500000,0x000000e0b5600000)]
  0x000002c736e260c0 JavaThread "Unconstrained build operations Thread 64" [_thread_blocked, id=28952, stack(0x000000e0b5600000,0x000000e0b5700000)]
  0x000002c736e27500 JavaThread "Unconstrained build operations Thread 65" [_thread_blocked, id=4028, stack(0x000000e0b5700000,0x000000e0b5800000)]
  0x000002c738e5cd90 JavaThread "Unconstrained build operations Thread 66" [_thread_blocked, id=6596, stack(0x000000e0afb00000,0x000000e0afc00000)]
  0x000002c738e5e1d0 JavaThread "Unconstrained build operations Thread 67" [_thread_blocked, id=35788, stack(0x000000e0b5800000,0x000000e0b5900000)]
  0x000002c738e5e6e0 JavaThread "Unconstrained build operations Thread 68" [_thread_blocked, id=28496, stack(0x000000e0b5900000,0x000000e0b5a00000)]
  0x000002c738e5ebf0 JavaThread "Unconstrained build operations Thread 69" [_thread_blocked, id=29164, stack(0x000000e0b5a00000,0x000000e0b5b00000)]
  0x000002c738e5d7b0 JavaThread "Unconstrained build operations Thread 70" [_thread_blocked, id=31552, stack(0x000000e0b5b00000,0x000000e0b5c00000)]
  0x000002c738e5b440 JavaThread "Unconstrained build operations Thread 71" [_thread_blocked, id=23176, stack(0x000000e0b5c00000,0x000000e0b5d00000)]
  0x000002c738e5c370 JavaThread "Unconstrained build operations Thread 72" [_thread_blocked, id=21280, stack(0x000000e0b5d00000,0x000000e0b5e00000)]
  0x000002c738e5f100 JavaThread "Unconstrained build operations Thread 73" [_thread_blocked, id=10980, stack(0x000000e0b5e00000,0x000000e0b5f00000)]
  0x000002c738e5be60 JavaThread "Unconstrained build operations Thread 74" [_thread_blocked, id=9880, stack(0x000000e0b5f00000,0x000000e0b6000000)]
  0x000002c738e5c880 JavaThread "Unconstrained build operations Thread 75" [_thread_blocked, id=29728, stack(0x000000e0b6000000,0x000000e0b6100000)]
  0x000002c738e5dcc0 JavaThread "Unconstrained build operations Thread 76" [_thread_blocked, id=11392, stack(0x000000e0b6100000,0x000000e0b6200000)]
  0x000002c738e5b950 JavaThread "Unconstrained build operations Thread 77" [_thread_blocked, id=34076, stack(0x000000e0b6200000,0x000000e0b6300000)]
  0x000002c738e60030 JavaThread "Unconstrained build operations Thread 78" [_thread_blocked, id=27448, stack(0x000000e0b6300000,0x000000e0b6400000)]
  0x000002c738e61470 JavaThread "Unconstrained build operations Thread 79" [_thread_blocked, id=8004, stack(0x000000e0b6400000,0x000000e0b6500000)]
  0x000002c738e5f610 JavaThread "Unconstrained build operations Thread 80" [_thread_blocked, id=11436, stack(0x000000e0b6500000,0x000000e0b6600000)]
  0x000002c738e60f60 JavaThread "Unconstrained build operations Thread 81" [_thread_blocked, id=24200, stack(0x000000e0b6600000,0x000000e0b6700000)]
  0x000002c738e61980 JavaThread "Unconstrained build operations Thread 82" [_thread_blocked, id=15140, stack(0x000000e0b6700000,0x000000e0b6800000)]
  0x000002c738e62dc0 JavaThread "Unconstrained build operations Thread 83" [_thread_blocked, id=14668, stack(0x000000e0b6800000,0x000000e0b6900000)]
  0x000002c738e61e90 JavaThread "Unconstrained build operations Thread 84" [_thread_blocked, id=29672, stack(0x000000e0b6900000,0x000000e0b6a00000)]
  0x000002c738e623a0 JavaThread "Unconstrained build operations Thread 85" [_thread_blocked, id=5912, stack(0x000000e0b6a00000,0x000000e0b6b00000)]
  0x000002c738e628b0 JavaThread "Unconstrained build operations Thread 86" [_thread_blocked, id=34040, stack(0x000000e0b6b00000,0x000000e0b6c00000)]
  0x000002c738e5fb20 JavaThread "Unconstrained build operations Thread 87" [_thread_blocked, id=33928, stack(0x000000e0b6c00000,0x000000e0b6d00000)]
  0x000002c738e60540 JavaThread "Unconstrained build operations Thread 88" [_thread_blocked, id=22676, stack(0x000000e0b6d00000,0x000000e0b6e00000)]
  0x000002c738e60a50 JavaThread "Unconstrained build operations Thread 89" [_thread_blocked, id=19664, stack(0x000000e0b6e00000,0x000000e0b6f00000)]
  0x000002c7394b3000 JavaThread "Unconstrained build operations Thread 90" [_thread_blocked, id=30868, stack(0x000000e0b6f00000,0x000000e0b7000000)]
  0x000002c7394b4950 JavaThread "Unconstrained build operations Thread 91" [_thread_blocked, id=11888, stack(0x000000e0b7000000,0x000000e0b7100000)]
  0x000002c7394b25e0 JavaThread "Unconstrained build operations Thread 92" [_thread_blocked, id=34964, stack(0x000000e0b7100000,0x000000e0b7200000)]
  0x000002c7394b11a0 JavaThread "Unconstrained build operations Thread 93" [_thread_blocked, id=19764, stack(0x000000e0b7200000,0x000000e0b7300000)]
  0x000002c7394b4e60 JavaThread "Unconstrained build operations Thread 94" [_thread_blocked, id=17636, stack(0x000000e0b7300000,0x000000e0b7400000)]
  0x000002c7394b20d0 JavaThread "Unconstrained build operations Thread 95" [_thread_blocked, id=35128, stack(0x000000e0b7400000,0x000000e0b7500000)]
  0x000002c7394b1bc0 JavaThread "Unconstrained build operations Thread 96" [_thread_blocked, id=18108, stack(0x000000e0b7500000,0x000000e0b7600000)]
  0x000002c7394b2af0 JavaThread "Unconstrained build operations Thread 97" [_thread_blocked, id=3540, stack(0x000000e0b7600000,0x000000e0b7700000)]
  0x000002c7394b67b0 JavaThread "Unconstrained build operations Thread 98" [_thread_blocked, id=35292, stack(0x000000e0b7700000,0x000000e0b7800000)]
  0x000002c7394b3510 JavaThread "Unconstrained build operations Thread 99" [_thread_blocked, id=18268, stack(0x000000e0b7800000,0x000000e0b7900000)]
  0x000002c7394b3a20 JavaThread "Unconstrained build operations Thread 100" [_thread_blocked, id=25536, stack(0x000000e0b7900000,0x000000e0b7a00000)]
  0x000002c7394b3f30 JavaThread "Unconstrained build operations Thread 101" [_thread_blocked, id=34812, stack(0x000000e0b7a00000,0x000000e0b7b00000)]
  0x000002c7394b4440 JavaThread "Unconstrained build operations Thread 102" [_thread_blocked, id=35436, stack(0x000000e0b7b00000,0x000000e0b7c00000)]
  0x000002c7394b16b0 JavaThread "Unconstrained build operations Thread 103" [_thread_blocked, id=18932, stack(0x000000e0b7c00000,0x000000e0b7d00000)]
  0x000002c7394b6cc0 JavaThread "Unconstrained build operations Thread 104" [_thread_blocked, id=34580, stack(0x000000e0b7d00000,0x000000e0b7e00000)]
  0x000002c7394b8610 JavaThread "Unconstrained build operations Thread 105" [_thread_blocked, id=30196, stack(0x000000e0b7e00000,0x000000e0b7f00000)]
  0x000002c7394b5880 JavaThread "Unconstrained build operations Thread 106" [_thread_blocked, id=22808, stack(0x000000e0b7f00000,0x000000e0b8000000)]
  0x000002c7394b8b20 JavaThread "Unconstrained build operations Thread 107" [_thread_blocked, id=23876, stack(0x000000e0b8000000,0x000000e0b8100000)]
  0x000002c7394b5370 JavaThread "Unconstrained build operations Thread 108" [_thread_blocked, id=31804, stack(0x000000e0b8100000,0x000000e0b8200000)]
  0x000002c7394b5d90 JavaThread "Unconstrained build operations Thread 109" [_thread_blocked, id=31580, stack(0x000000e0b8200000,0x000000e0b8300000)]
  0x000002c7394b62a0 JavaThread "jar transforms Thread 2" [_thread_blocked, id=10768, stack(0x000000e0b8400000,0x000000e0b8500000)]
  0x000002c7394b71d0 JavaThread "jar transforms Thread 3" [_thread_blocked, id=5872, stack(0x000000e0b8500000,0x000000e0b8600000)]
  0x000002c7394b76e0 JavaThread "Unconstrained build operations Thread 110" [_thread_blocked, id=35328, stack(0x000000e0b8600000,0x000000e0b8700000)]
  0x000002c7394b7bf0 JavaThread "Unconstrained build operations Thread 111" [_thread_blocked, id=33936, stack(0x000000e0b8700000,0x000000e0b8800000)]
  0x000002c7394b8100 JavaThread "Unconstrained build operations Thread 112" [_thread_blocked, id=10568, stack(0x000000e0b8800000,0x000000e0b8900000)]
  0x000002c736b5ef30 JavaThread "Unconstrained build operations Thread 113" [_thread_blocked, id=16248, stack(0x000000e0b8900000,0x000000e0b8a00000)]
  0x000002c738b5a470 JavaThread "Unconstrained build operations Thread 114" [_thread_blocked, id=15740, stack(0x000000e0b8a00000,0x000000e0b8b00000)]
  0x000002c738b5b8b0 JavaThread "Unconstrained build operations Thread 115" [_thread_blocked, id=26904, stack(0x000000e0b8b00000,0x000000e0b8c00000)]
  0x000002c738b5b3a0 JavaThread "Unconstrained build operations Thread 116" [_thread_blocked, id=20312, stack(0x000000e0b8c00000,0x000000e0b8d00000)]
  0x000002c738b5c2d0 JavaThread "Unconstrained build operations Thread 117" [_thread_blocked, id=23680, stack(0x000000e0b8d00000,0x000000e0b8e00000)]
  0x000002c738b5a980 JavaThread "Unconstrained build operations Thread 118" [_thread_blocked, id=30984, stack(0x000000e0b8e00000,0x000000e0b8f00000)]
  0x000002c738b5ae90 JavaThread "Unconstrained build operations Thread 119" [_thread_blocked, id=22092, stack(0x000000e0b8f00000,0x000000e0b9000000)]
  0x000002c738b5d710 JavaThread "Unconstrained build operations Thread 120" [_thread_blocked, id=33516, stack(0x000000e0b9000000,0x000000e0b9100000)]
  0x000002c738b5c7e0 JavaThread "jar transforms Thread 4" [_thread_blocked, id=24536, stack(0x000000e0b8300000,0x000000e0b8400000)]
  0x000002c738b5ccf0 JavaThread "jar transforms Thread 5" [_thread_blocked, id=17228, stack(0x000000e0b9100000,0x000000e0b9200000)]
  0x000002c738b5d200 JavaThread "jar transforms Thread 6" [_thread_blocked, id=22320, stack(0x000000e0b9200000,0x000000e0b9300000)]
  0x000002c738b5e640 JavaThread "build event listener" [_thread_blocked, id=35652, stack(0x000000e0b9300000,0x000000e0b9400000)]
  0x000002c738b5f060 JavaThread "jar transforms Thread 7" [_thread_blocked, id=19676, stack(0x000000e0b9600000,0x000000e0b9700000)]
  0x000002c738b5bdc0 JavaThread "jar transforms Thread 8" [_thread_blocked, id=27800, stack(0x000000e0b9700000,0x000000e0b9800000)]
  0x000002c738b5fa80 JavaThread "jar transforms Thread 9" [_thread_blocked, id=19264, stack(0x000000e0b9800000,0x000000e0b9900000)]
  0x000002c738b604a0 JavaThread "jar transforms Thread 10" [_thread_blocked, id=4552, stack(0x000000e0b9a00000,0x000000e0b9b00000)]
  0x000002c736b63100 JavaThread "jar transforms Thread 11" [_thread_blocked, id=31560, stack(0x000000e0b9b00000,0x000000e0b9c00000)]
  0x000002c77fbb5af0 JavaThread "jar transforms Thread 12" [_thread_blocked, id=16660, stack(0x000000e0b9f00000,0x000000e0ba000000)]
  0x000002c73b9d74c0 JavaThread "Exec process Thread 2" [_thread_blocked, id=34600, stack(0x000000e0ba100000,0x000000e0ba200000)]
  0x000002c73b9da760 JavaThread "pool-3-thread-1" [_thread_blocked, id=14468, stack(0x000000e0ba300000,0x000000e0ba400000)]
  0x000002c73b9db690 JavaThread "build event listener" [_thread_blocked, id=15264, stack(0x000000e0ba400000,0x000000e0ba500000)]
  0x000002c73b9dbba0 JavaThread "Cache worker for execution history cache (C:\Users\ASUS\Desktop\trackMate\android\.gradle\9.3.1\executionHistory)" [_thread_blocked, id=12516, stack(0x000000e0ba500000,0x000000e0ba600000)]
  0x000002c7418595a0 JavaThread "WorkerExecutor Queue" [_thread_blocked, id=14008, stack(0x000000e0ac300000,0x000000e0ac400000)]
  0x000002c741857230 JavaThread "RMI Scheduler(0)" daemon [_thread_blocked, id=26152, stack(0x000000e0ac400000,0x000000e0ac500000)]
  0x000002c741858b80 JavaThread "RMI RenewClean-[127.0.0.1:17403,org.jetbrains.kotlin.daemon.common.LoopbackNetworkInterface$ClientLoopbackSocketFactory@403c39ba]" daemon [_thread_blocked, id=30552, stack(0x000000e0ac500000,0x000000e0ac600000)]
  0x000002c741856d20 JavaThread "RMI GC Daemon" daemon [_thread_blocked, id=17996, stack(0x000000e0b9900000,0x000000e0b9a00000)]
  0x000002c741859fc0 JavaThread "RMI TCP Accept-0" daemon [_thread_in_native, id=27232, stack(0x000000e0ba600000,0x000000e0ba700000)]
  0x000002c741859090 JavaThread "RMI Reaper" [_thread_blocked, id=10432, stack(0x000000e0ba700000,0x000000e0ba800000)]
  0x000002c74185a4d0 JavaThread "RMI TCP Connection(idle)" daemon [_thread_blocked, id=24888, stack(0x000000e0ba800000,0x000000e0ba900000)]

Other Threads:
=>0x000002c77f2521a0 VMThread "VM Thread" [stack: 0x000000e0acc00000,0x000000e0acd00000] [id=35708]
  0x000002c77f57b3d0 WatcherThread [stack: 0x000000e0ad800000,0x000000e0ad900000] [id=21400]
  0x000002c770eb5640 GCTaskThread "GC Thread#0" [stack: 0x000000e0ac700000,0x000000e0ac800000] [id=4272]
  0x000002c77f79ecb0 GCTaskThread "GC Thread#1" [stack: 0x000000e0ada00000,0x000000e0adb00000] [id=31152]
  0x000002c77f8f81e0 GCTaskThread "GC Thread#2" [stack: 0x000000e0adb00000,0x000000e0adc00000] [id=556]
  0x000002c73423a740 GCTaskThread "GC Thread#3" [stack: 0x000000e0adc00000,0x000000e0add00000] [id=19808]
  0x000002c77f6a4a70 GCTaskThread "GC Thread#4" [stack: 0x000000e0add00000,0x000000e0ade00000] [id=11132]
  0x000002c77f783ed0 GCTaskThread "GC Thread#5" [stack: 0x000000e0ad900000,0x000000e0ada00000] [id=12852]
  0x000002c77fb7f1d0 GCTaskThread "GC Thread#6" [stack: 0x000000e0ade00000,0x000000e0adf00000] [id=35072]
  0x000002c77fb7f490 GCTaskThread "GC Thread#7" [stack: 0x000000e0adf00000,0x000000e0ae000000] [id=28184]
  0x000002c737091430 GCTaskThread "GC Thread#8" [stack: 0x000000e0aee00000,0x000000e0aef00000] [id=10904]
  0x000002c735237e80 GCTaskThread "GC Thread#9" [stack: 0x000000e0aef00000,0x000000e0af000000] [id=17664]
  0x000002c76eb5dfe0 ConcurrentGCThread "G1 Main Marker" [stack: 0x000000e0ac800000,0x000000e0ac900000] [id=7972]
  0x000002c76eb5e910 ConcurrentGCThread "G1 Conc#0" [stack: 0x000000e0ac900000,0x000000e0aca00000] [id=18536]
  0x000002c736853b20 ConcurrentGCThread "G1 Conc#1" [stack: 0x000000e0af000000,0x000000e0af100000] [id=4960]
  0x000002c7368535a0 ConcurrentGCThread "G1 Conc#2" [stack: 0x000000e0af100000,0x000000e0af200000] [id=8572]
  0x000002c770eeecb0 ConcurrentGCThread "G1 Refine#0" [stack: 0x000000e0aca00000,0x000000e0acb00000] [id=35388]
  0x000002c7368f2670 ConcurrentGCThread "G1 Refine#1" [stack: 0x000000e0b9c00000,0x000000e0b9d00000] [id=34820]
  0x000002c7368f0620 ConcurrentGCThread "G1 Refine#2" [stack: 0x000000e0b9d00000,0x000000e0b9e00000] [id=17460]
  0x000002c7368f2380 ConcurrentGCThread "G1 Refine#3" [stack: 0x000000e0b9e00000,0x000000e0b9f00000] [id=6540]
  0x000002c73a3c2f70 ConcurrentGCThread "G1 Refine#4" [stack: 0x000000e0ba900000,0x000000e0baa00000] [id=33332]
  0x000002c73a3c3b30 ConcurrentGCThread "G1 Refine#5" [stack: 0x000000e0baa00000,0x000000e0bab00000] [id=33904]
  0x000002c73a3c3840 ConcurrentGCThread "G1 Refine#6" [stack: 0x000000e0bab00000,0x000000e0bac00000] [id=26568]
  0x000002c77f0ffb40 ConcurrentGCThread "G1 Service" [stack: 0x000000e0acb00000,0x000000e0acc00000] [id=34536]

Threads with active compile tasks:
C2 CompilerThread0   139268 32499       4       com.android.tools.r8.ir.optimize.F::a (724 bytes)
C1 CompilerThread0   139268 32612       3       com.android.tools.r8.references.ArrayReference::<init> (41 bytes)

VM state: at safepoint (normal execution)

VM Mutex/Monitor currently owned by a thread:  ([mutex/lock_event])
[0x000002c770e45690] Threads_lock - owner thread: 0x000002c77f2521a0
[0x000002c770e47220] Heap_lock - owner thread: 0x000002c738e61e90

Heap address: 0x0000000700000000, size: 4096 MB, Compressed Oops mode: Zero based, Oop shift amount: 3

CDS archive(s) mapped at: [0x000002c715000000-0x000002c715bb0000-0x000002c715bb0000), size 12255232, SharedBaseAddress: 0x000002c715000000, ArchiveRelocationMode: 1.
Compressed class space mapped at: 0x000002c716000000-0x000002c730000000, reserved size: 436207616
Narrow klass base: 0x000002c715000000, Narrow klass shift: 0, Narrow klass range: 0x100000000

GC Precious Log:
 CPUs: 12 total, 12 available
 Memory: 7914M
 Large Page Support: Disabled
 NUMA Support: Disabled
 Compressed Oops: Enabled (Zero based)
 Heap Region Size: 2M
 Heap Min Capacity: 8M
 Heap Initial Capacity: 124M
 Heap Max Capacity: 4G
 Pre-touch: Disabled
 Parallel Workers: 10
 Concurrent Workers: 3
 Concurrent Refinement Workers: 10
 Periodic GC: Disabled

Heap:
 garbage-first heap   total 3301376K, used 541988K [0x0000000700000000, 0x0000000800000000)
  region size 2048K, 4 young (8192K), 4 survivors (8192K)
 Metaspace       used 153012K, committed 155776K, reserved 622592K
  class space    used 21272K, committed 22592K, reserved 425984K

Heap Regions: E=young(eden), S=young(survivor), O=old, HS=humongous(starts), HC=humongous(continues), CS=collection set, F=free, OA=open archive, CA=closed archive, TAMS=top-at-mark-start (previous, next)
|   0|0x0000000700000000, 0x0000000700200000, 0x0000000700200000|100%|HS|  |TAMS 0x0000000700200000, 0x0000000700000000| Complete 
|   1|0x0000000700200000, 0x0000000700400000, 0x0000000700400000|100%|HC|  |TAMS 0x0000000700400000, 0x0000000700200000| Complete 
|   2|0x0000000700400000, 0x0000000700600000, 0x0000000700600000|100%| O|  |TAMS 0x0000000700600000, 0x0000000700400000| Untracked 
|   3|0x0000000700600000, 0x0000000700800000, 0x0000000700800000|100%| O|  |TAMS 0x0000000700800000, 0x0000000700600000| Untracked 
|   4|0x0000000700800000, 0x0000000700a00000, 0x0000000700a00000|100%| O|  |TAMS 0x0000000700a00000, 0x0000000700800000| Untracked 
|   5|0x0000000700a00000, 0x0000000700c00000, 0x0000000700c00000|100%| O|  |TAMS 0x0000000700c00000, 0x0000000700a00000| Untracked 
|   6|0x0000000700c00000, 0x0000000700e00000, 0x0000000700e00000|100%| O|  |TAMS 0x0000000700e00000, 0x0000000700c00000| Untracked 
|   7|0x0000000700e00000, 0x0000000701000000, 0x0000000701000000|100%| O|  |TAMS 0x0000000701000000, 0x0000000700e00000| Untracked 
|   8|0x0000000701000000, 0x00000007011ea800, 0x0000000701200000| 95%| O|  |TAMS 0x00000007011ea800, 0x0000000701000000| Untracked 
|   9|0x0000000701200000, 0x0000000701400000, 0x0000000701400000|100%| O|  |TAMS 0x0000000701400000, 0x0000000701200000| Untracked 
|  10|0x0000000701400000, 0x0000000701600000, 0x0000000701600000|100%| O|  |TAMS 0x0000000701600000, 0x0000000701400000| Untracked 
|  11|0x0000000701600000, 0x0000000701800000, 0x0000000701800000|100%| O|  |TAMS 0x0000000701800000, 0x0000000701600000| Untracked 
|  12|0x0000000701800000, 0x0000000701a00000, 0x0000000701a00000|100%| O|  |TAMS 0x0000000701a00000, 0x0000000701800000| Untracked 
|  13|0x0000000701a00000, 0x0000000701c00000, 0x0000000701c00000|100%| O|  |TAMS 0x0000000701c00000, 0x0000000701a00000| Untracked 
|  14|0x0000000701c00000, 0x0000000701e00000, 0x0000000701e00000|100%| O|  |TAMS 0x0000000701e00000, 0x0000000701c00000| Untracked 
|  15|0x0000000701e00000, 0x0000000702000000, 0x0000000702000000|100%| O|  |TAMS 0x0000000702000000, 0x0000000701e00000| Untracked 
|  16|0x0000000702000000, 0x0000000702200000, 0x0000000702200000|100%|HS|  |TAMS 0x0000000702200000, 0x0000000702000000| Complete 
|  17|0x0000000702200000, 0x0000000702400000, 0x0000000702400000|100%|HC|  |TAMS 0x0000000702400000, 0x0000000702200000| Complete 
|  18|0x0000000702400000, 0x0000000702600000, 0x0000000702600000|100%|HS|  |TAMS 0x0000000702600000, 0x0000000702400000| Complete 
|  19|0x0000000702600000, 0x0000000702800000, 0x0000000702800000|100%|HC|  |TAMS 0x0000000702800000, 0x0000000702600000| Complete 
|  20|0x0000000702800000, 0x0000000702a00000, 0x0000000702a00000|100%| O|  |TAMS 0x0000000702a00000, 0x0000000702800000| Untracked 
|  21|0x0000000702a00000, 0x0000000702c00000, 0x0000000702c00000|100%| O|  |TAMS 0x0000000702c00000, 0x0000000702a00000| Untracked 
|  22|0x0000000702c00000, 0x0000000702e00000, 0x0000000702e00000|100%| O|  |TAMS 0x0000000702e00000, 0x0000000702c00000| Untracked 
|  23|0x0000000702e00000, 0x0000000703000000, 0x0000000703000000|100%| O|  |TAMS 0x0000000703000000, 0x0000000702e00000| Untracked 
|  24|0x0000000703000000, 0x0000000703200000, 0x0000000703200000|100%| O|  |TAMS 0x0000000703200000, 0x0000000703000000| Untracked 
|  25|0x0000000703200000, 0x0000000703400000, 0x0000000703400000|100%| O|  |TAMS 0x0000000703400000, 0x0000000703200000| Untracked 
|  26|0x0000000703400000, 0x0000000703600000, 0x0000000703600000|100%| O|  |TAMS 0x0000000703600000, 0x0000000703400000| Untracked 
|  27|0x0000000703600000, 0x0000000703800000, 0x0000000703800000|100%| O|  |TAMS 0x0000000703800000, 0x0000000703600000| Untracked 
|  28|0x0000000703800000, 0x0000000703a00000, 0x0000000703a00000|100%| O|  |TAMS 0x0000000703a00000, 0x0000000703800000| Untracked 
|  29|0x0000000703a00000, 0x0000000703c00000, 0x0000000703c00000|100%| O|  |TAMS 0x0000000703c00000, 0x0000000703a00000| Untracked 
|  30|0x0000000703c00000, 0x0000000703e00000, 0x0000000703e00000|100%| O|  |TAMS 0x0000000703e00000, 0x0000000703c00000| Untracked 
|  31|0x0000000703e00000, 0x0000000704000000, 0x0000000704000000|100%| O|  |TAMS 0x0000000704000000, 0x0000000703e00000| Untracked 
|  32|0x0000000704000000, 0x0000000704200000, 0x0000000704200000|100%| O|  |TAMS 0x0000000704200000, 0x0000000704000000| Untracked 
|  33|0x0000000704200000, 0x0000000704400000, 0x0000000704400000|100%| O|  |TAMS 0x0000000704400000, 0x0000000704200000| Untracked 
|  34|0x0000000704400000, 0x0000000704600000, 0x0000000704600000|100%| O|  |TAMS 0x0000000704600000, 0x0000000704400000| Untracked 
|  35|0x0000000704600000, 0x0000000704800000, 0x0000000704800000|100%| O|  |TAMS 0x0000000704800000, 0x0000000704600000| Untracked 
|  36|0x0000000704800000, 0x0000000704a00000, 0x0000000704a00000|100%| O|  |TAMS 0x0000000704a00000, 0x0000000704800000| Untracked 
|  37|0x0000000704a00000, 0x0000000704c00000, 0x0000000704c00000|100%| O|  |TAMS 0x0000000704c00000, 0x0000000704a00000| Untracked 
|  38|0x0000000704c00000, 0x0000000704e00000, 0x0000000704e00000|100%| O|  |TAMS 0x0000000704e00000, 0x0000000704c00000| Untracked 
|  39|0x0000000704e00000, 0x0000000705000000, 0x0000000705000000|100%| O|  |TAMS 0x0000000705000000, 0x0000000704e00000| Untracked 
|  40|0x0000000705000000, 0x0000000705200000, 0x0000000705200000|100%| O|  |TAMS 0x0000000705200000, 0x0000000705000000| Untracked 
|  41|0x0000000705200000, 0x0000000705400000, 0x0000000705400000|100%| O|  |TAMS 0x0000000705400000, 0x0000000705200000| Untracked 
|  42|0x0000000705400000, 0x0000000705600000, 0x0000000705600000|100%| O|  |TAMS 0x0000000705600000, 0x0000000705400000| Untracked 
|  43|0x0000000705600000, 0x0000000705800000, 0x0000000705800000|100%| O|  |TAMS 0x0000000705800000, 0x0000000705600000| Untracked 
|  44|0x0000000705800000, 0x0000000705a00000, 0x0000000705a00000|100%| O|  |TAMS 0x0000000705a00000, 0x0000000705800000| Untracked 
|  45|0x0000000705a00000, 0x0000000705c00000, 0x0000000705c00000|100%| O|  |TAMS 0x0000000705c00000, 0x0000000705a00000| Untracked 
|  46|0x0000000705c00000, 0x0000000705e00000, 0x0000000705e00000|100%| O|  |TAMS 0x0000000705e00000, 0x0000000705c00000| Untracked 
|  47|0x0000000705e00000, 0x0000000706000000, 0x0000000706000000|100%| O|  |TAMS 0x0000000706000000, 0x0000000705e00000| Untracked 
|  48|0x0000000706000000, 0x0000000706200000, 0x0000000706200000|100%| O|  |TAMS 0x0000000706200000, 0x0000000706000000| Untracked 
|  49|0x0000000706200000, 0x0000000706400000, 0x0000000706400000|100%| O|  |TAMS 0x0000000706400000, 0x0000000706200000| Untracked 
|  50|0x0000000706400000, 0x0000000706600000, 0x0000000706600000|100%| O|  |TAMS 0x0000000706600000, 0x0000000706400000| Untracked 
|  51|0x0000000706600000, 0x0000000706800000, 0x0000000706800000|100%|HS|  |TAMS 0x0000000706800000, 0x0000000706600000| Complete 
|  52|0x0000000706800000, 0x0000000706a00000, 0x0000000706a00000|100%|HC|  |TAMS 0x0000000706a00000, 0x0000000706800000| Complete 
|  53|0x0000000706a00000, 0x0000000706c00000, 0x0000000706c00000|100%| O|  |TAMS 0x0000000706c00000, 0x0000000706a00000| Untracked 
|  54|0x0000000706c00000, 0x0000000706e00000, 0x0000000706e00000|100%| O|  |TAMS 0x0000000706e00000, 0x0000000706c00000| Untracked 
|  55|0x0000000706e00000, 0x0000000707000000, 0x0000000707000000|100%| O|  |TAMS 0x0000000707000000, 0x0000000706e00000| Untracked 
|  56|0x0000000707000000, 0x0000000707200000, 0x0000000707200000|100%| O|  |TAMS 0x0000000707200000, 0x0000000707000000| Untracked 
|  57|0x0000000707200000, 0x0000000707400000, 0x0000000707400000|100%| O|  |TAMS 0x0000000707400000, 0x0000000707200000| Untracked 
|  58|0x0000000707400000, 0x0000000707600000, 0x0000000707600000|100%| O|  |TAMS 0x0000000707600000, 0x0000000707400000| Untracked 
|  59|0x0000000707600000, 0x0000000707800000, 0x0000000707800000|100%| O|  |TAMS 0x0000000707800000, 0x0000000707600000| Untracked 
|  60|0x0000000707800000, 0x0000000707a00000, 0x0000000707a00000|100%| O|  |TAMS 0x0000000707a00000, 0x0000000707800000| Untracked 
|  61|0x0000000707a00000, 0x0000000707c00000, 0x0000000707c00000|100%| O|  |TAMS 0x0000000707c00000, 0x0000000707a00000| Untracked 
|  62|0x0000000707c00000, 0x0000000707e00000, 0x0000000707e00000|100%| O|  |TAMS 0x0000000707e00000, 0x0000000707c00000| Untracked 
|  63|0x0000000707e00000, 0x0000000708000000, 0x0000000708000000|100%| O|  |TAMS 0x0000000708000000, 0x0000000707e00000| Untracked 
|  64|0x0000000708000000, 0x0000000708200000, 0x0000000708200000|100%| O|  |TAMS 0x0000000708200000, 0x0000000708000000| Untracked 
|  65|0x0000000708200000, 0x0000000708400000, 0x0000000708400000|100%| O|  |TAMS 0x0000000708400000, 0x0000000708200000| Untracked 
|  66|0x0000000708400000, 0x0000000708600000, 0x0000000708600000|100%| O|  |TAMS 0x0000000708600000, 0x0000000708400000| Untracked 
|  67|0x0000000708600000, 0x0000000708800000, 0x0000000708800000|100%| O|  |TAMS 0x0000000708800000, 0x0000000708600000| Untracked 
|  68|0x0000000708800000, 0x0000000708a00000, 0x0000000708a00000|100%| O|  |TAMS 0x0000000708a00000, 0x0000000708800000| Untracked 
|  69|0x0000000708a00000, 0x0000000708c00000, 0x0000000708c00000|100%| O|  |TAMS 0x0000000708c00000, 0x0000000708a00000| Untracked 
|  70|0x0000000708c00000, 0x0000000708e00000, 0x0000000708e00000|100%| O|  |TAMS 0x0000000708e00000, 0x0000000708c00000| Untracked 
|  71|0x0000000708e00000, 0x0000000709000000, 0x0000000709000000|100%| O|  |TAMS 0x0000000708e00000, 0x0000000708e00000| Untracked 
|  72|0x0000000709000000, 0x0000000709200000, 0x0000000709200000|100%| O|  |TAMS 0x0000000709200000, 0x0000000709000000| Untracked 
|  73|0x0000000709200000, 0x0000000709400000, 0x0000000709400000|100%| O|  |TAMS 0x0000000709400000, 0x0000000709200000| Untracked 
|  74|0x0000000709400000, 0x0000000709600000, 0x0000000709600000|100%| O|  |TAMS 0x0000000709600000, 0x0000000709400000| Untracked 
|  75|0x0000000709600000, 0x0000000709800000, 0x0000000709800000|100%| O|  |TAMS 0x0000000709800000, 0x0000000709600000| Untracked 
|  76|0x0000000709800000, 0x0000000709a00000, 0x0000000709a00000|100%| O|  |TAMS 0x0000000709800000, 0x0000000709800000| Untracked 
|  77|0x0000000709a00000, 0x0000000709c00000, 0x0000000709c00000|100%|HS|  |TAMS 0x0000000709c00000, 0x0000000709a00000| Complete 
|  78|0x0000000709c00000, 0x0000000709e00000, 0x0000000709e00000|100%| O|  |TAMS 0x0000000709e00000, 0x0000000709c00000| Untracked 
|  79|0x0000000709e00000, 0x000000070a000000, 0x000000070a000000|100%| O|  |TAMS 0x000000070a000000, 0x0000000709e00000| Untracked 
|  80|0x000000070a000000, 0x000000070a200000, 0x000000070a200000|100%| O|  |TAMS 0x000000070a200000, 0x000000070a000000| Untracked 
|  81|0x000000070a200000, 0x000000070a400000, 0x000000070a400000|100%| O|  |TAMS 0x000000070a400000, 0x000000070a200000| Untracked 
|  82|0x000000070a400000, 0x000000070a600000, 0x000000070a600000|100%| O|  |TAMS 0x000000070a400000, 0x000000070a400000| Untracked 
|  83|0x000000070a600000, 0x000000070a800000, 0x000000070a800000|100%| O|  |TAMS 0x000000070a800000, 0x000000070a600000| Untracked 
|  84|0x000000070a800000, 0x000000070aa00000, 0x000000070aa00000|100%| O|  |TAMS 0x000000070aa00000, 0x000000070a800000| Untracked 
|  85|0x000000070aa00000, 0x000000070ac00000, 0x000000070ac00000|100%| O|  |TAMS 0x000000070ac00000, 0x000000070aa00000| Untracked 
|  86|0x000000070ac00000, 0x000000070ae00000, 0x000000070ae00000|100%| O|  |TAMS 0x000000070ae00000, 0x000000070ac00000| Untracked 
|  87|0x000000070ae00000, 0x000000070b000000, 0x000000070b000000|100%| O|  |TAMS 0x000000070b000000, 0x000000070ae00000| Untracked 
|  88|0x000000070b000000, 0x000000070b200000, 0x000000070b200000|100%| O|  |TAMS 0x000000070b200000, 0x000000070b000000| Untracked 
|  89|0x000000070b200000, 0x000000070b400000, 0x000000070b400000|100%| O|  |TAMS 0x000000070b400000, 0x000000070b200000| Untracked 
|  90|0x000000070b400000, 0x000000070b600000, 0x000000070b600000|100%| O|  |TAMS 0x000000070b600000, 0x000000070b400000| Untracked 
|  91|0x000000070b600000, 0x000000070b800000, 0x000000070b800000|100%| O|  |TAMS 0x000000070b800000, 0x000000070b600000| Untracked 
|  92|0x000000070b800000, 0x000000070ba00000, 0x000000070ba00000|100%| O|  |TAMS 0x000000070ba00000, 0x000000070b800000| Untracked 
|  93|0x000000070ba00000, 0x000000070bc00000, 0x000000070bc00000|100%| O|  |TAMS 0x000000070bc00000, 0x000000070ba00000| Untracked 
|  94|0x000000070bc00000, 0x000000070be00000, 0x000000070be00000|100%| O|  |TAMS 0x000000070be00000, 0x000000070bc00000| Untracked 
|  95|0x000000070be00000, 0x000000070c000000, 0x000000070c000000|100%| O|  |TAMS 0x000000070c000000, 0x000000070be00000| Untracked 
|  96|0x000000070c000000, 0x000000070c200000, 0x000000070c200000|100%| O|  |TAMS 0x000000070c200000, 0x000000070c000000| Untracked 
|  97|0x000000070c200000, 0x000000070c400000, 0x000000070c400000|100%| O|  |TAMS 0x000000070c400000, 0x000000070c200000| Untracked 
|  98|0x000000070c400000, 0x000000070c600000, 0x000000070c600000|100%| O|  |TAMS 0x000000070c600000, 0x000000070c400000| Untracked 
|  99|0x000000070c600000, 0x000000070c800000, 0x000000070c800000|100%| O|  |TAMS 0x000000070c600000, 0x000000070c600000| Untracked 
| 100|0x000000070c800000, 0x000000070ca00000, 0x000000070ca00000|100%| O|  |TAMS 0x000000070ca00000, 0x000000070c800000| Untracked 
| 101|0x000000070ca00000, 0x000000070cc00000, 0x000000070cc00000|100%| O|  |TAMS 0x000000070cc00000, 0x000000070ca00000| Untracked 
| 102|0x000000070cc00000, 0x000000070ce00000, 0x000000070ce00000|100%| O|  |TAMS 0x000000070ce00000, 0x000000070cc00000| Untracked 
| 103|0x000000070ce00000, 0x000000070d000000, 0x000000070d000000|100%| O|  |TAMS 0x000000070d000000, 0x000000070ce00000| Untracked 
| 104|0x000000070d000000, 0x000000070d200000, 0x000000070d200000|100%| O|  |TAMS 0x000000070d200000, 0x000000070d000000| Untracked 
| 105|0x000000070d200000, 0x000000070d400000, 0x000000070d400000|100%|HS|  |TAMS 0x000000070d400000, 0x000000070d200000| Complete 
| 106|0x000000070d400000, 0x000000070d600000, 0x000000070d600000|100%| O|  |TAMS 0x000000070d600000, 0x000000070d400000| Untracked 
| 107|0x000000070d600000, 0x000000070d800000, 0x000000070d800000|100%| O|  |TAMS 0x000000070d800000, 0x000000070d600000| Untracked 
| 108|0x000000070d800000, 0x000000070da00000, 0x000000070da00000|100%| O|  |TAMS 0x000000070da00000, 0x000000070d800000| Untracked 
| 109|0x000000070da00000, 0x000000070dc00000, 0x000000070dc00000|100%| O|  |TAMS 0x000000070dc00000, 0x000000070da00000| Untracked 
| 110|0x000000070dc00000, 0x000000070de00000, 0x000000070de00000|100%| O|  |TAMS 0x000000070de00000, 0x000000070dc00000| Untracked 
| 111|0x000000070de00000, 0x000000070e000000, 0x000000070e000000|100%| O|  |TAMS 0x000000070e000000, 0x000000070de00000| Untracked 
| 112|0x000000070e000000, 0x000000070e200000, 0x000000070e200000|100%| O|  |TAMS 0x000000070e200000, 0x000000070e000000| Untracked 
| 113|0x000000070e200000, 0x000000070e400000, 0x000000070e400000|100%| O|  |TAMS 0x000000070e400000, 0x000000070e200000| Untracked 
| 114|0x000000070e400000, 0x000000070e600000, 0x000000070e600000|100%| O|  |TAMS 0x000000070e600000, 0x000000070e400000| Untracked 
| 115|0x000000070e600000, 0x000000070e800000, 0x000000070e800000|100%| O|  |TAMS 0x000000070e800000, 0x000000070e600000| Untracked 
| 116|0x000000070e800000, 0x000000070ea00000, 0x000000070ea00000|100%| O|  |TAMS 0x000000070ea00000, 0x000000070e800000| Untracked 
| 117|0x000000070ea00000, 0x000000070ec00000, 0x000000070ec00000|100%| O|  |TAMS 0x000000070ec00000, 0x000000070ea00000| Untracked 
| 118|0x000000070ec00000, 0x000000070ee00000, 0x000000070ee00000|100%| O|  |TAMS 0x000000070ee00000, 0x000000070ec00000| Untracked 
| 119|0x000000070ee00000, 0x000000070f000000, 0x000000070f000000|100%| O|  |TAMS 0x000000070f000000, 0x000000070ee00000| Untracked 
| 120|0x000000070f000000, 0x000000070f200000, 0x000000070f200000|100%| O|  |TAMS 0x000000070f200000, 0x000000070f000000| Untracked 
| 121|0x000000070f200000, 0x000000070f400000, 0x000000070f400000|100%| O|  |TAMS 0x000000070f400000, 0x000000070f200000| Untracked 
| 122|0x000000070f400000, 0x000000070f600000, 0x000000070f600000|100%| O|  |TAMS 0x000000070f600000, 0x000000070f400000| Untracked 
| 123|0x000000070f600000, 0x000000070f800000, 0x000000070f800000|100%| O|  |TAMS 0x000000070f800000, 0x000000070f600000| Untracked 
| 124|0x000000070f800000, 0x000000070fa00000, 0x000000070fa00000|100%| O|  |TAMS 0x000000070f800000, 0x000000070f800000| Untracked 
| 125|0x000000070fa00000, 0x000000070fc00000, 0x000000070fc00000|100%| O|  |TAMS 0x000000070fc00000, 0x000000070fa00000| Untracked 
| 126|0x000000070fc00000, 0x000000070fe00000, 0x000000070fe00000|100%| O|  |TAMS 0x000000070fe00000, 0x000000070fc00000| Untracked 
| 127|0x000000070fe00000, 0x0000000710000000, 0x0000000710000000|100%| O|  |TAMS 0x0000000710000000, 0x000000070fe00000| Untracked 
| 128|0x0000000710000000, 0x0000000710200000, 0x0000000710200000|100%| O|  |TAMS 0x0000000710200000, 0x0000000710000000| Untracked 
| 129|0x0000000710200000, 0x0000000710400000, 0x0000000710400000|100%| O|  |TAMS 0x0000000710400000, 0x0000000710200000| Untracked 
| 130|0x0000000710400000, 0x0000000710600000, 0x0000000710600000|100%| O|  |TAMS 0x0000000710600000, 0x0000000710400000| Untracked 
| 131|0x0000000710600000, 0x0000000710800000, 0x0000000710800000|100%| O|  |TAMS 0x0000000710800000, 0x0000000710600000| Untracked 
| 132|0x0000000710800000, 0x0000000710a00000, 0x0000000710a00000|100%| O|  |TAMS 0x0000000710a00000, 0x0000000710800000| Untracked 
| 133|0x0000000710a00000, 0x0000000710c00000, 0x0000000710c00000|100%| O|  |TAMS 0x0000000710c00000, 0x0000000710a00000| Untracked 
| 134|0x0000000710c00000, 0x0000000710e00000, 0x0000000710e00000|100%| O|  |TAMS 0x0000000710e00000, 0x0000000710c00000| Untracked 
| 135|0x0000000710e00000, 0x0000000711000000, 0x0000000711000000|100%| O|  |TAMS 0x0000000711000000, 0x0000000710e00000| Untracked 
| 136|0x0000000711000000, 0x0000000711200000, 0x0000000711200000|100%| O|  |TAMS 0x0000000711200000, 0x0000000711000000| Untracked 
| 137|0x0000000711200000, 0x0000000711400000, 0x0000000711400000|100%| O|  |TAMS 0x0000000711400000, 0x0000000711200000| Untracked 
| 138|0x0000000711400000, 0x0000000711600000, 0x0000000711600000|100%| O|  |TAMS 0x0000000711600000, 0x0000000711400000| Untracked 
| 139|0x0000000711600000, 0x0000000711800000, 0x0000000711800000|100%| O|  |TAMS 0x0000000711800000, 0x0000000711600000| Untracked 
| 140|0x0000000711800000, 0x0000000711a00000, 0x0000000711a00000|100%| O|  |TAMS 0x0000000711a00000, 0x0000000711800000| Untracked 
| 141|0x0000000711a00000, 0x0000000711c00000, 0x0000000711c00000|100%| O|  |TAMS 0x0000000711c00000, 0x0000000711a00000| Untracked 
| 142|0x0000000711c00000, 0x0000000711e00000, 0x0000000711e00000|100%| O|  |TAMS 0x0000000711e00000, 0x0000000711c00000| Untracked 
| 143|0x0000000711e00000, 0x0000000712000000, 0x0000000712000000|100%| O|  |TAMS 0x0000000712000000, 0x0000000711e00000| Untracked 
| 144|0x0000000712000000, 0x0000000712200000, 0x0000000712200000|100%| O|  |TAMS 0x0000000712200000, 0x0000000712000000| Untracked 
| 145|0x0000000712200000, 0x0000000712400000, 0x0000000712400000|100%| O|  |TAMS 0x0000000712400000, 0x0000000712200000| Untracked 
| 146|0x0000000712400000, 0x0000000712600000, 0x0000000712600000|100%| O|  |TAMS 0x0000000712400000, 0x0000000712400000| Untracked 
| 147|0x0000000712600000, 0x0000000712800000, 0x0000000712800000|100%| O|  |TAMS 0x0000000712600000, 0x0000000712600000| Untracked 
| 148|0x0000000712800000, 0x0000000712a00000, 0x0000000712a00000|100%| O|  |TAMS 0x0000000712a00000, 0x0000000712800000| Untracked 
| 149|0x0000000712a00000, 0x0000000712c00000, 0x0000000712c00000|100%| O|  |TAMS 0x0000000712c00000, 0x0000000712a00000| Untracked 
| 150|0x0000000712c00000, 0x0000000712e00000, 0x0000000712e00000|100%| O|  |TAMS 0x0000000712e00000, 0x0000000712c00000| Untracked 
| 151|0x0000000712e00000, 0x0000000713000000, 0x0000000713000000|100%| O|  |TAMS 0x0000000712e00000, 0x0000000712e00000| Untracked 
| 152|0x0000000713000000, 0x0000000713200000, 0x0000000713200000|100%| O|  |TAMS 0x0000000713200000, 0x0000000713000000| Untracked 
| 153|0x0000000713200000, 0x0000000713400000, 0x0000000713400000|100%| O|  |TAMS 0x0000000713400000, 0x0000000713200000| Untracked 
| 154|0x0000000713400000, 0x0000000713600000, 0x0000000713600000|100%| O|  |TAMS 0x0000000713600000, 0x0000000713400000| Untracked 
| 155|0x0000000713600000, 0x0000000713800000, 0x0000000713800000|100%| O|  |TAMS 0x0000000713800000, 0x0000000713600000| Untracked 
| 156|0x0000000713800000, 0x0000000713a00000, 0x0000000713a00000|100%| O|  |TAMS 0x0000000713a00000, 0x0000000713800000| Untracked 
| 157|0x0000000713a00000, 0x0000000713c00000, 0x0000000713c00000|100%| O|  |TAMS 0x0000000713c00000, 0x0000000713a00000| Untracked 
| 158|0x0000000713c00000, 0x0000000713e00000, 0x0000000713e00000|100%| O|  |TAMS 0x0000000713e00000, 0x0000000713c00000| Untracked 
| 159|0x0000000713e00000, 0x0000000714000000, 0x0000000714000000|100%| O|  |TAMS 0x0000000714000000, 0x0000000713e00000| Untracked 
| 160|0x0000000714000000, 0x0000000714200000, 0x0000000714200000|100%| O|  |TAMS 0x0000000714200000, 0x0000000714000000| Untracked 
| 161|0x0000000714200000, 0x0000000714400000, 0x0000000714400000|100%| O|  |TAMS 0x0000000714400000, 0x0000000714200000| Untracked 
| 162|0x0000000714400000, 0x0000000714600000, 0x0000000714600000|100%| O|  |TAMS 0x0000000714600000, 0x0000000714400000| Untracked 
| 163|0x0000000714600000, 0x0000000714800000, 0x0000000714800000|100%| O|  |TAMS 0x0000000714800000, 0x0000000714600000| Untracked 
| 164|0x0000000714800000, 0x0000000714a00000, 0x0000000714a00000|100%| O|  |TAMS 0x0000000714a00000, 0x0000000714800000| Untracked 
| 165|0x0000000714a00000, 0x0000000714c00000, 0x0000000714c00000|100%| O|  |TAMS 0x0000000714c00000, 0x0000000714a00000| Untracked 
| 166|0x0000000714c00000, 0x0000000714e00000, 0x0000000714e00000|100%| O|  |TAMS 0x0000000714e00000, 0x0000000714c00000| Untracked 
| 167|0x0000000714e00000, 0x0000000715000000, 0x0000000715000000|100%| O|  |TAMS 0x0000000715000000, 0x0000000714e00000| Untracked 
| 168|0x0000000715000000, 0x0000000715200000, 0x0000000715200000|100%| O|  |TAMS 0x0000000715200000, 0x0000000715000000| Untracked 
| 169|0x0000000715200000, 0x0000000715400000, 0x0000000715400000|100%| O|  |TAMS 0x0000000715400000, 0x0000000715200000| Untracked 
| 170|0x0000000715400000, 0x0000000715600000, 0x0000000715600000|100%| O|  |TAMS 0x0000000715600000, 0x0000000715400000| Untracked 
| 171|0x0000000715600000, 0x0000000715800000, 0x0000000715800000|100%| O|  |TAMS 0x0000000715800000, 0x0000000715600000| Untracked 
| 172|0x0000000715800000, 0x0000000715a00000, 0x0000000715a00000|100%| O|  |TAMS 0x0000000715a00000, 0x0000000715800000| Untracked 
| 173|0x0000000715a00000, 0x0000000715c00000, 0x0000000715c00000|100%| O|  |TAMS 0x0000000715c00000, 0x0000000715a00000| Untracked 
| 174|0x0000000715c00000, 0x0000000715e00000, 0x0000000715e00000|100%| O|  |TAMS 0x0000000715e00000, 0x0000000715c00000| Untracked 
| 175|0x0000000715e00000, 0x0000000716000000, 0x0000000716000000|100%| O|  |TAMS 0x0000000716000000, 0x0000000715e00000| Untracked 
| 176|0x0000000716000000, 0x0000000716200000, 0x0000000716200000|100%| O|  |TAMS 0x0000000716200000, 0x0000000716000000| Untracked 
| 177|0x0000000716200000, 0x0000000716400000, 0x0000000716400000|100%| O|  |TAMS 0x0000000716400000, 0x0000000716200000| Untracked 
| 178|0x0000000716400000, 0x0000000716600000, 0x0000000716600000|100%| O|  |TAMS 0x0000000716600000, 0x0000000716400000| Untracked 
| 179|0x0000000716600000, 0x0000000716800000, 0x0000000716800000|100%| O|  |TAMS 0x0000000716800000, 0x0000000716600000| Untracked 
| 180|0x0000000716800000, 0x0000000716a00000, 0x0000000716a00000|100%| O|  |TAMS 0x0000000716a00000, 0x0000000716800000| Untracked 
| 181|0x0000000716a00000, 0x0000000716c00000, 0x0000000716c00000|100%| O|  |TAMS 0x0000000716c00000, 0x0000000716a00000| Untracked 
| 182|0x0000000716c00000, 0x0000000716e00000, 0x0000000716e00000|100%| O|  |TAMS 0x0000000716e00000, 0x0000000716c00000| Untracked 
| 183|0x0000000716e00000, 0x0000000717000000, 0x0000000717000000|100%| O|  |TAMS 0x0000000717000000, 0x0000000716e00000| Untracked 
| 184|0x0000000717000000, 0x0000000717200000, 0x0000000717200000|100%| O|  |TAMS 0x0000000717200000, 0x0000000717000000| Untracked 
| 185|0x0000000717200000, 0x0000000717400000, 0x0000000717400000|100%| O|  |TAMS 0x0000000717400000, 0x0000000717200000| Untracked 
| 186|0x0000000717400000, 0x0000000717600000, 0x0000000717600000|100%| O|  |TAMS 0x0000000717600000, 0x0000000717400000| Untracked 
| 187|0x0000000717600000, 0x0000000717800000, 0x0000000717800000|100%| O|  |TAMS 0x0000000717800000, 0x0000000717600000| Untracked 
| 188|0x0000000717800000, 0x0000000717a00000, 0x0000000717a00000|100%| O|  |TAMS 0x0000000717a00000, 0x0000000717800000| Untracked 
| 189|0x0000000717a00000, 0x0000000717c00000, 0x0000000717c00000|100%| O|  |TAMS 0x0000000717c00000, 0x0000000717a00000| Untracked 
| 190|0x0000000717c00000, 0x0000000717e00000, 0x0000000717e00000|100%| O|  |TAMS 0x0000000717e00000, 0x0000000717c00000| Untracked 
| 191|0x0000000717e00000, 0x0000000718000000, 0x0000000718000000|100%| O|  |TAMS 0x0000000718000000, 0x0000000717e00000| Untracked 
| 192|0x0000000718000000, 0x0000000718200000, 0x0000000718200000|100%| O|  |TAMS 0x0000000718200000, 0x0000000718000000| Untracked 
| 193|0x0000000718200000, 0x0000000718400000, 0x0000000718400000|100%| O|  |TAMS 0x0000000718400000, 0x0000000718200000| Untracked 
| 194|0x0000000718400000, 0x0000000718600000, 0x0000000718600000|100%| O|  |TAMS 0x0000000718600000, 0x0000000718400000| Untracked 
| 195|0x0000000718600000, 0x0000000718800000, 0x0000000718800000|100%| O|  |TAMS 0x0000000718800000, 0x0000000718600000| Untracked 
| 196|0x0000000718800000, 0x0000000718a00000, 0x0000000718a00000|100%| O|  |TAMS 0x0000000718a00000, 0x0000000718800000| Untracked 
| 197|0x0000000718a00000, 0x0000000718c00000, 0x0000000718c00000|100%| O|  |TAMS 0x0000000718c00000, 0x0000000718a00000| Untracked 
| 198|0x0000000718c00000, 0x0000000718e00000, 0x0000000718e00000|100%| O|  |TAMS 0x0000000718e00000, 0x0000000718c00000| Untracked 
| 199|0x0000000718e00000, 0x0000000719000000, 0x0000000719000000|100%| O|  |TAMS 0x0000000719000000, 0x0000000718e00000| Untracked 
| 200|0x0000000719000000, 0x0000000719200000, 0x0000000719200000|100%| O|  |TAMS 0x0000000719000000, 0x0000000719000000| Untracked 
| 201|0x0000000719200000, 0x0000000719400000, 0x0000000719400000|100%| O|  |TAMS 0x0000000719400000, 0x0000000719200000| Untracked 
| 202|0x0000000719400000, 0x0000000719600000, 0x0000000719600000|100%| O|  |TAMS 0x0000000719600000, 0x0000000719400000| Untracked 
| 203|0x0000000719600000, 0x0000000719800000, 0x0000000719800000|100%| O|  |TAMS 0x0000000719800000, 0x0000000719600000| Untracked 
| 204|0x0000000719800000, 0x0000000719a00000, 0x0000000719a00000|100%| O|  |TAMS 0x0000000719a00000, 0x0000000719800000| Untracked 
| 205|0x0000000719a00000, 0x0000000719c00000, 0x0000000719c00000|100%| O|  |TAMS 0x0000000719c00000, 0x0000000719a00000| Untracked 
| 206|0x0000000719c00000, 0x0000000719e00000, 0x0000000719e00000|100%| O|  |TAMS 0x0000000719c00000, 0x0000000719c00000| Untracked 
| 207|0x0000000719e00000, 0x000000071a000000, 0x000000071a000000|100%| O|  |TAMS 0x0000000719e00000, 0x0000000719e00000| Untracked 
| 208|0x000000071a000000, 0x000000071a200000, 0x000000071a200000|100%| O|  |TAMS 0x000000071a200000, 0x000000071a000000| Untracked 
| 209|0x000000071a200000, 0x000000071a400000, 0x000000071a400000|100%| O|  |TAMS 0x000000071a400000, 0x000000071a200000| Untracked 
| 210|0x000000071a400000, 0x000000071a600000, 0x000000071a600000|100%| O|  |TAMS 0x000000071a600000, 0x000000071a400000| Untracked 
| 211|0x000000071a600000, 0x000000071a800000, 0x000000071a800000|100%| O|  |TAMS 0x000000071a800000, 0x000000071a600000| Untracked 
| 212|0x000000071a800000, 0x000000071aa00000, 0x000000071aa00000|100%| O|  |TAMS 0x000000071a800000, 0x000000071a800000| Untracked 
| 213|0x000000071aa00000, 0x000000071ac00000, 0x000000071ac00000|100%| O|  |TAMS 0x000000071ac00000, 0x000000071aa00000| Untracked 
| 214|0x000000071ac00000, 0x000000071ae00000, 0x000000071ae00000|100%| O|  |TAMS 0x000000071ae00000, 0x000000071ac00000| Untracked 
| 215|0x000000071ae00000, 0x000000071b000000, 0x000000071b000000|100%| O|  |TAMS 0x000000071b000000, 0x000000071ae00000| Untracked 
| 216|0x000000071b000000, 0x000000071b200000, 0x000000071b200000|100%| O|  |TAMS 0x000000071b200000, 0x000000071b000000| Untracked 
| 217|0x000000071b200000, 0x000000071b400000, 0x000000071b400000|100%| O|  |TAMS 0x000000071b400000, 0x000000071b200000| Untracked 
| 218|0x000000071b400000, 0x000000071b600000, 0x000000071b600000|100%| O|  |TAMS 0x000000071b600000, 0x000000071b400000| Untracked 
| 219|0x000000071b600000, 0x000000071b800000, 0x000000071b800000|100%| O|  |TAMS 0x000000071b800000, 0x000000071b600000| Untracked 
| 220|0x000000071b800000, 0x000000071ba00000, 0x000000071ba00000|100%| O|  |TAMS 0x000000071ba00000, 0x000000071b800000| Untracked 
| 221|0x000000071ba00000, 0x000000071bc00000, 0x000000071bc00000|100%| O|  |TAMS 0x000000071bc00000, 0x000000071ba00000| Untracked 
| 222|0x000000071bc00000, 0x000000071be00000, 0x000000071be00000|100%| O|  |TAMS 0x000000071be00000, 0x000000071bc00000| Untracked 
| 223|0x000000071be00000, 0x000000071c000000, 0x000000071c000000|100%| O|  |TAMS 0x000000071c000000, 0x000000071be00000| Untracked 
| 224|0x000000071c000000, 0x000000071c200000, 0x000000071c200000|100%| O|  |TAMS 0x000000071c200000, 0x000000071c000000| Untracked 
| 225|0x000000071c200000, 0x000000071c400000, 0x000000071c400000|100%| O|  |TAMS 0x000000071c400000, 0x000000071c200000| Untracked 
| 226|0x000000071c400000, 0x000000071c600000, 0x000000071c600000|100%| O|  |TAMS 0x000000071c600000, 0x000000071c400000| Untracked 
| 227|0x000000071c600000, 0x000000071c800000, 0x000000071c800000|100%| O|  |TAMS 0x000000071c800000, 0x000000071c600000| Untracked 
| 228|0x000000071c800000, 0x000000071ca00000, 0x000000071ca00000|100%| O|  |TAMS 0x000000071c9a3a00, 0x000000071c800000| Untracked 
| 229|0x000000071ca00000, 0x000000071cc00000, 0x000000071cc00000|100%| O|  |TAMS 0x000000071ca00000, 0x000000071ca00000| Untracked 
| 230|0x000000071cc00000, 0x000000071ce00000, 0x000000071ce00000|100%| O|  |TAMS 0x000000071cc00000, 0x000000071cc00000| Untracked 
| 231|0x000000071ce00000, 0x000000071d000000, 0x000000071d000000|100%| O|  |TAMS 0x000000071ce00000, 0x000000071ce00000| Untracked 
| 232|0x000000071d000000, 0x000000071d200000, 0x000000071d200000|100%| O|  |TAMS 0x000000071d000000, 0x000000071d000000| Untracked 
| 233|0x000000071d200000, 0x000000071d400000, 0x000000071d400000|100%| O|  |TAMS 0x000000071d200000, 0x000000071d200000| Untracked 
| 234|0x000000071d400000, 0x000000071d600000, 0x000000071d600000|100%| O|  |TAMS 0x000000071d400000, 0x000000071d400000| Untracked 
| 235|0x000000071d600000, 0x000000071d800000, 0x000000071d800000|100%| O|  |TAMS 0x000000071d600000, 0x000000071d600000| Untracked 
| 236|0x000000071d800000, 0x000000071da00000, 0x000000071da00000|100%| O|  |TAMS 0x000000071d800000, 0x000000071d800000| Untracked 
| 237|0x000000071da00000, 0x000000071dc00000, 0x000000071dc00000|100%| O|  |TAMS 0x000000071da00000, 0x000000071da00000| Untracked 
| 238|0x000000071dc00000, 0x000000071de00000, 0x000000071de00000|100%| O|  |TAMS 0x000000071dc00000, 0x000000071dc00000| Untracked 
| 239|0x000000071de00000, 0x000000071e000000, 0x000000071e000000|100%| O|  |TAMS 0x000000071de00000, 0x000000071de00000| Untracked 
| 240|0x000000071e000000, 0x000000071e200000, 0x000000071e200000|100%| O|  |TAMS 0x000000071e000000, 0x000000071e000000| Untracked 
| 241|0x000000071e200000, 0x000000071e400000, 0x000000071e400000|100%| O|  |TAMS 0x000000071e200000, 0x000000071e200000| Untracked 
| 242|0x000000071e400000, 0x000000071e600000, 0x000000071e600000|100%| O|  |TAMS 0x000000071e400000, 0x000000071e400000| Untracked 
| 243|0x000000071e600000, 0x000000071e800000, 0x000000071e800000|100%| O|  |TAMS 0x000000071e600000, 0x000000071e600000| Untracked 
| 244|0x000000071e800000, 0x000000071ea00000, 0x000000071ea00000|100%| O|  |TAMS 0x000000071e800000, 0x000000071e800000| Untracked 
| 245|0x000000071ea00000, 0x000000071ec00000, 0x000000071ec00000|100%| O|  |TAMS 0x000000071ea00000, 0x000000071ea00000| Untracked 
| 246|0x000000071ec00000, 0x000000071ee00000, 0x000000071ee00000|100%| O|  |TAMS 0x000000071ec00000, 0x000000071ec00000| Untracked 
| 247|0x000000071ee00000, 0x000000071f000000, 0x000000071f000000|100%| O|  |TAMS 0x000000071ee00000, 0x000000071ee00000| Untracked 
| 248|0x000000071f000000, 0x000000071f200000, 0x000000071f200000|100%| O|  |TAMS 0x000000071f000000, 0x000000071f000000| Untracked 
| 249|0x000000071f200000, 0x000000071f400000, 0x000000071f400000|100%| O|  |TAMS 0x000000071f200000, 0x000000071f200000| Untracked 
| 250|0x000000071f400000, 0x000000071f600000, 0x000000071f600000|100%| O|  |TAMS 0x000000071f400000, 0x000000071f400000| Untracked 
| 251|0x000000071f600000, 0x000000071f800000, 0x000000071f800000|100%| O|  |TAMS 0x000000071f600000, 0x000000071f600000| Untracked 
| 252|0x000000071f800000, 0x000000071fa00000, 0x000000071fa00000|100%| O|  |TAMS 0x000000071f800000, 0x000000071f800000| Untracked 
| 253|0x000000071fa00000, 0x000000071fc00000, 0x000000071fc00000|100%| O|  |TAMS 0x000000071fa00000, 0x000000071fa00000| Untracked 
| 254|0x000000071fc00000, 0x000000071fe00000, 0x000000071fe00000|100%|HS|  |TAMS 0x000000071fc00000, 0x000000071fc00000| Complete 
| 255|0x000000071fe00000, 0x0000000720000000, 0x0000000720000000|100%|HC|  |TAMS 0x000000071fe00000, 0x000000071fe00000| Complete 
| 256|0x0000000720000000, 0x0000000720200000, 0x0000000720200000|100%| O|  |TAMS 0x0000000720000000, 0x0000000720000000| Untracked 
| 257|0x0000000720200000, 0x0000000720400000, 0x0000000720400000|100%| O|  |TAMS 0x0000000720200000, 0x0000000720200000| Untracked 
| 258|0x0000000720400000, 0x0000000720579600, 0x0000000720600000| 73%| O|  |TAMS 0x0000000720400000, 0x0000000720400000| Untracked 
| 259|0x0000000720600000, 0x0000000720600000, 0x0000000720800000|  0%| F|  |TAMS 0x0000000720600000, 0x0000000720600000| Untracked 
| 260|0x0000000720800000, 0x0000000720800000, 0x0000000720a00000|  0%| F|  |TAMS 0x0000000720800000, 0x0000000720800000| Untracked 
| 261|0x0000000720a00000, 0x0000000720a00000, 0x0000000720c00000|  0%| F|  |TAMS 0x0000000720a00000, 0x0000000720a00000| Untracked 
| 262|0x0000000720c00000, 0x0000000720c00000, 0x0000000720e00000|  0%| F|  |TAMS 0x0000000720c00000, 0x0000000720c00000| Untracked 
| 263|0x0000000720e00000, 0x0000000720e00000, 0x0000000721000000|  0%| F|  |TAMS 0x0000000720e00000, 0x0000000720e00000| Untracked 
| 264|0x0000000721000000, 0x0000000721000000, 0x0000000721200000|  0%| F|  |TAMS 0x0000000721000000, 0x0000000721000000| Untracked 
| 265|0x0000000721200000, 0x0000000721200000, 0x0000000721400000|  0%| F|  |TAMS 0x0000000721200000, 0x0000000721200000| Untracked 
| 266|0x0000000721400000, 0x0000000721400000, 0x0000000721600000|  0%| F|  |TAMS 0x0000000721400000, 0x0000000721400000| Untracked 
| 267|0x0000000721600000, 0x0000000721600000, 0x0000000721800000|  0%| F|  |TAMS 0x0000000721600000, 0x0000000721600000| Untracked 
| 268|0x0000000721800000, 0x0000000721800000, 0x0000000721a00000|  0%| F|  |TAMS 0x0000000721800000, 0x0000000721800000| Untracked 
| 269|0x0000000721a00000, 0x0000000721a00000, 0x0000000721c00000|  0%| F|  |TAMS 0x0000000721a00000, 0x0000000721a00000| Untracked 
| 270|0x0000000721c00000, 0x0000000721c00000, 0x0000000721e00000|  0%| F|  |TAMS 0x0000000721c00000, 0x0000000721c00000| Untracked 
| 271|0x0000000721e00000, 0x0000000721e00000, 0x0000000722000000|  0%| F|  |TAMS 0x0000000721e00000, 0x0000000721e00000| Untracked 
| 272|0x0000000722000000, 0x0000000722000000, 0x0000000722200000|  0%| F|  |TAMS 0x0000000722000000, 0x0000000722000000| Untracked 
| 273|0x0000000722200000, 0x0000000722200000, 0x0000000722400000|  0%| F|  |TAMS 0x0000000722200000, 0x0000000722200000| Untracked 
| 274|0x0000000722400000, 0x0000000722400000, 0x0000000722600000|  0%| F|  |TAMS 0x0000000722400000, 0x0000000722400000| Untracked 
| 275|0x0000000722600000, 0x0000000722600000, 0x0000000722800000|  0%| F|  |TAMS 0x0000000722600000, 0x0000000722600000| Untracked 
| 276|0x0000000722800000, 0x0000000722800000, 0x0000000722a00000|  0%| F|  |TAMS 0x0000000722800000, 0x0000000722800000| Untracked 
| 277|0x0000000722a00000, 0x0000000722a00000, 0x0000000722c00000|  0%| F|  |TAMS 0x0000000722a00000, 0x0000000722a00000| Untracked 
| 278|0x0000000722c00000, 0x0000000722c00000, 0x0000000722e00000|  0%| F|  |TAMS 0x0000000722c00000, 0x0000000722c00000| Untracked 
| 279|0x0000000722e00000, 0x0000000722e00000, 0x0000000723000000|  0%| F|  |TAMS 0x0000000722e00000, 0x0000000722e00000| Untracked 
| 280|0x0000000723000000, 0x0000000723000000, 0x0000000723200000|  0%| F|  |TAMS 0x0000000723000000, 0x0000000723000000| Untracked 
| 281|0x0000000723200000, 0x0000000723200000, 0x0000000723400000|  0%| F|  |TAMS 0x0000000723200000, 0x0000000723200000| Untracked 
| 282|0x0000000723400000, 0x0000000723400000, 0x0000000723600000|  0%| F|  |TAMS 0x0000000723400000, 0x0000000723400000| Untracked 
| 283|0x0000000723600000, 0x0000000723600000, 0x0000000723800000|  0%| F|  |TAMS 0x0000000723600000, 0x0000000723600000| Untracked 
| 284|0x0000000723800000, 0x0000000723800000, 0x0000000723a00000|  0%| F|  |TAMS 0x0000000723800000, 0x0000000723800000| Untracked 
| 285|0x0000000723a00000, 0x0000000723a00000, 0x0000000723c00000|  0%| F|  |TAMS 0x0000000723a00000, 0x0000000723a00000| Untracked 
| 286|0x0000000723c00000, 0x0000000723c00000, 0x0000000723e00000|  0%| F|  |TAMS 0x0000000723c00000, 0x0000000723c00000| Untracked 
| 287|0x0000000723e00000, 0x0000000723e00000, 0x0000000724000000|  0%| F|  |TAMS 0x0000000723e00000, 0x0000000723e00000| Untracked 
| 288|0x0000000724000000, 0x0000000724000000, 0x0000000724200000|  0%| F|  |TAMS 0x0000000724000000, 0x0000000724000000| Untracked 
| 289|0x0000000724200000, 0x0000000724200000, 0x0000000724400000|  0%| F|  |TAMS 0x0000000724200000, 0x0000000724200000| Untracked 
| 290|0x0000000724400000, 0x0000000724400000, 0x0000000724600000|  0%| F|  |TAMS 0x0000000724400000, 0x0000000724400000| Untracked 
| 291|0x0000000724600000, 0x0000000724600000, 0x0000000724800000|  0%| F|  |TAMS 0x0000000724600000, 0x0000000724600000| Untracked 
| 292|0x0000000724800000, 0x0000000724800000, 0x0000000724a00000|  0%| F|  |TAMS 0x0000000724800000, 0x0000000724800000| Untracked 
| 293|0x0000000724a00000, 0x0000000724a00000, 0x0000000724c00000|  0%| F|  |TAMS 0x0000000724a00000, 0x0000000724a00000| Untracked 
| 294|0x0000000724c00000, 0x0000000724c00000, 0x0000000724e00000|  0%| F|  |TAMS 0x0000000724c00000, 0x0000000724c00000| Untracked 
| 295|0x0000000724e00000, 0x0000000724e00000, 0x0000000725000000|  0%| F|  |TAMS 0x0000000724e00000, 0x0000000724e00000| Untracked 
| 296|0x0000000725000000, 0x0000000725000000, 0x0000000725200000|  0%| F|  |TAMS 0x0000000725000000, 0x0000000725000000| Untracked 
| 297|0x0000000725200000, 0x0000000725200000, 0x0000000725400000|  0%| F|  |TAMS 0x0000000725200000, 0x0000000725200000| Untracked 
| 298|0x0000000725400000, 0x0000000725400000, 0x0000000725600000|  0%| F|  |TAMS 0x0000000725400000, 0x0000000725400000| Untracked 
| 299|0x0000000725600000, 0x0000000725600000, 0x0000000725800000|  0%| F|  |TAMS 0x0000000725600000, 0x0000000725600000| Untracked 
| 300|0x0000000725800000, 0x0000000725800000, 0x0000000725a00000|  0%| F|  |TAMS 0x0000000725800000, 0x0000000725800000| Untracked 
| 301|0x0000000725a00000, 0x0000000725a00000, 0x0000000725c00000|  0%| F|  |TAMS 0x0000000725a00000, 0x0000000725a00000| Untracked 
| 302|0x0000000725c00000, 0x0000000725c00000, 0x0000000725e00000|  0%| F|  |TAMS 0x0000000725c00000, 0x0000000725c00000| Untracked 
| 303|0x0000000725e00000, 0x0000000725e00000, 0x0000000726000000|  0%| F|  |TAMS 0x0000000725e00000, 0x0000000725e00000| Untracked 
| 304|0x0000000726000000, 0x0000000726000000, 0x0000000726200000|  0%| F|  |TAMS 0x0000000726000000, 0x0000000726000000| Untracked 
| 305|0x0000000726200000, 0x0000000726200000, 0x0000000726400000|  0%| F|  |TAMS 0x0000000726200000, 0x0000000726200000| Untracked 
| 306|0x0000000726400000, 0x0000000726400000, 0x0000000726600000|  0%| F|  |TAMS 0x0000000726400000, 0x0000000726400000| Untracked 
| 307|0x0000000726600000, 0x0000000726600000, 0x0000000726800000|  0%| F|  |TAMS 0x0000000726600000, 0x0000000726600000| Untracked 
| 308|0x0000000726800000, 0x0000000726800000, 0x0000000726a00000|  0%| F|  |TAMS 0x0000000726800000, 0x0000000726800000| Untracked 
| 309|0x0000000726a00000, 0x0000000726a00000, 0x0000000726c00000|  0%| F|  |TAMS 0x0000000726a00000, 0x0000000726a00000| Untracked 
| 310|0x0000000726c00000, 0x0000000726c00000, 0x0000000726e00000|  0%| F|  |TAMS 0x0000000726c00000, 0x0000000726c00000| Untracked 
| 311|0x0000000726e00000, 0x0000000726e00000, 0x0000000727000000|  0%| F|  |TAMS 0x0000000726e00000, 0x0000000726e00000| Untracked 
| 312|0x0000000727000000, 0x0000000727000000, 0x0000000727200000|  0%| F|  |TAMS 0x0000000727000000, 0x0000000727000000| Untracked 
| 313|0x0000000727200000, 0x0000000727200000, 0x0000000727400000|  0%| F|  |TAMS 0x0000000727200000, 0x0000000727200000| Untracked 
| 314|0x0000000727400000, 0x0000000727400000, 0x0000000727600000|  0%| F|  |TAMS 0x0000000727400000, 0x0000000727400000| Untracked 
| 315|0x0000000727600000, 0x0000000727600000, 0x0000000727800000|  0%| F|  |TAMS 0x0000000727600000, 0x0000000727600000| Untracked 
| 316|0x0000000727800000, 0x0000000727800000, 0x0000000727a00000|  0%| F|  |TAMS 0x0000000727800000, 0x0000000727800000| Untracked 
| 317|0x0000000727a00000, 0x0000000727a00000, 0x0000000727c00000|  0%| F|  |TAMS 0x0000000727a00000, 0x0000000727a00000| Untracked 
| 318|0x0000000727c00000, 0x0000000727c00000, 0x0000000727e00000|  0%| F|  |TAMS 0x0000000727c00000, 0x0000000727c00000| Untracked 
| 319|0x0000000727e00000, 0x0000000727e00000, 0x0000000728000000|  0%| F|  |TAMS 0x0000000727e00000, 0x0000000727e00000| Untracked 
| 320|0x0000000728000000, 0x0000000728000000, 0x0000000728200000|  0%| F|  |TAMS 0x0000000728000000, 0x0000000728000000| Untracked 
| 321|0x0000000728200000, 0x0000000728200000, 0x0000000728400000|  0%| F|  |TAMS 0x0000000728200000, 0x0000000728200000| Untracked 
| 322|0x0000000728400000, 0x0000000728400000, 0x0000000728600000|  0%| F|  |TAMS 0x0000000728400000, 0x0000000728400000| Untracked 
| 323|0x0000000728600000, 0x0000000728600000, 0x0000000728800000|  0%| F|  |TAMS 0x0000000728600000, 0x0000000728600000| Untracked 
| 324|0x0000000728800000, 0x0000000728800000, 0x0000000728a00000|  0%| F|  |TAMS 0x0000000728800000, 0x0000000728800000| Untracked 
| 325|0x0000000728a00000, 0x0000000728a00000, 0x0000000728c00000|  0%| F|  |TAMS 0x0000000728a00000, 0x0000000728a00000| Untracked 
| 326|0x0000000728c00000, 0x0000000728c00000, 0x0000000728e00000|  0%| F|  |TAMS 0x0000000728c00000, 0x0000000728c00000| Untracked 
| 327|0x0000000728e00000, 0x0000000728e00000, 0x0000000729000000|  0%| F|  |TAMS 0x0000000728e00000, 0x0000000728e00000| Untracked 
| 328|0x0000000729000000, 0x0000000729000000, 0x0000000729200000|  0%| F|  |TAMS 0x0000000729000000, 0x0000000729000000| Untracked 
| 329|0x0000000729200000, 0x0000000729200000, 0x0000000729400000|  0%| F|  |TAMS 0x0000000729200000, 0x0000000729200000| Untracked 
| 330|0x0000000729400000, 0x0000000729400000, 0x0000000729600000|  0%| F|  |TAMS 0x0000000729400000, 0x0000000729400000| Untracked 
| 331|0x0000000729600000, 0x0000000729600000, 0x0000000729800000|  0%| F|  |TAMS 0x0000000729600000, 0x0000000729600000| Untracked 
| 332|0x0000000729800000, 0x0000000729800000, 0x0000000729a00000|  0%| F|  |TAMS 0x0000000729800000, 0x0000000729800000| Untracked 
| 333|0x0000000729a00000, 0x0000000729a00000, 0x0000000729c00000|  0%| F|  |TAMS 0x0000000729a00000, 0x0000000729a00000| Untracked 
| 334|0x0000000729c00000, 0x0000000729c00000, 0x0000000729e00000|  0%| F|  |TAMS 0x0000000729c00000, 0x0000000729c00000| Untracked 
| 335|0x0000000729e00000, 0x0000000729e00000, 0x000000072a000000|  0%| F|  |TAMS 0x0000000729e00000, 0x0000000729e00000| Untracked 
| 336|0x000000072a000000, 0x000000072a000000, 0x000000072a200000|  0%| F|  |TAMS 0x000000072a000000, 0x000000072a000000| Untracked 
| 337|0x000000072a200000, 0x000000072a200000, 0x000000072a400000|  0%| F|  |TAMS 0x000000072a200000, 0x000000072a200000| Untracked 
| 338|0x000000072a400000, 0x000000072a400000, 0x000000072a600000|  0%| F|  |TAMS 0x000000072a400000, 0x000000072a400000| Untracked 
| 339|0x000000072a600000, 0x000000072a600000, 0x000000072a800000|  0%| F|  |TAMS 0x000000072a600000, 0x000000072a600000| Untracked 
| 340|0x000000072a800000, 0x000000072a800000, 0x000000072aa00000|  0%| F|  |TAMS 0x000000072a800000, 0x000000072a800000| Untracked 
| 341|0x000000072aa00000, 0x000000072aa00000, 0x000000072ac00000|  0%| F|  |TAMS 0x000000072aa00000, 0x000000072aa00000| Untracked 
| 342|0x000000072ac00000, 0x000000072ac00000, 0x000000072ae00000|  0%| F|  |TAMS 0x000000072ac00000, 0x000000072ac00000| Untracked 
| 343|0x000000072ae00000, 0x000000072ae00000, 0x000000072b000000|  0%| F|  |TAMS 0x000000072ae00000, 0x000000072ae00000| Untracked 
| 344|0x000000072b000000, 0x000000072b000000, 0x000000072b200000|  0%| F|  |TAMS 0x000000072b000000, 0x000000072b000000| Untracked 
| 345|0x000000072b200000, 0x000000072b200000, 0x000000072b400000|  0%| F|  |TAMS 0x000000072b200000, 0x000000072b200000| Untracked 
| 346|0x000000072b400000, 0x000000072b400000, 0x000000072b600000|  0%| F|  |TAMS 0x000000072b400000, 0x000000072b400000| Untracked 
| 347|0x000000072b600000, 0x000000072b600000, 0x000000072b800000|  0%| F|  |TAMS 0x000000072b600000, 0x000000072b600000| Untracked 
| 348|0x000000072b800000, 0x000000072b800000, 0x000000072ba00000|  0%| F|  |TAMS 0x000000072b800000, 0x000000072b800000| Untracked 
| 349|0x000000072ba00000, 0x000000072ba00000, 0x000000072bc00000|  0%| F|  |TAMS 0x000000072ba00000, 0x000000072ba00000| Untracked 
| 350|0x000000072bc00000, 0x000000072bc00000, 0x000000072be00000|  0%| F|  |TAMS 0x000000072bc00000, 0x000000072bc00000| Untracked 
| 351|0x000000072be00000, 0x000000072be00000, 0x000000072c000000|  0%| F|  |TAMS 0x000000072be00000, 0x000000072be00000| Untracked 
| 352|0x000000072c000000, 0x000000072c000000, 0x000000072c200000|  0%| F|  |TAMS 0x000000072c000000, 0x000000072c000000| Untracked 
| 353|0x000000072c200000, 0x000000072c200000, 0x000000072c400000|  0%| F|  |TAMS 0x000000072c200000, 0x000000072c200000| Untracked 
| 354|0x000000072c400000, 0x000000072c400000, 0x000000072c600000|  0%| F|  |TAMS 0x000000072c400000, 0x000000072c400000| Untracked 
| 355|0x000000072c600000, 0x000000072c600000, 0x000000072c800000|  0%| F|  |TAMS 0x000000072c600000, 0x000000072c600000| Untracked 
| 356|0x000000072c800000, 0x000000072c800000, 0x000000072ca00000|  0%| F|  |TAMS 0x000000072c800000, 0x000000072c800000| Untracked 
| 357|0x000000072ca00000, 0x000000072ca00000, 0x000000072cc00000|  0%| F|  |TAMS 0x000000072ca00000, 0x000000072ca00000| Untracked 
| 358|0x000000072cc00000, 0x000000072cc00000, 0x000000072ce00000|  0%| F|  |TAMS 0x000000072cc00000, 0x000000072cc00000| Untracked 
| 359|0x000000072ce00000, 0x000000072ce00000, 0x000000072d000000|  0%| F|  |TAMS 0x000000072ce00000, 0x000000072ce00000| Untracked 
| 360|0x000000072d000000, 0x000000072d000000, 0x000000072d200000|  0%| F|  |TAMS 0x000000072d000000, 0x000000072d000000| Untracked 
| 361|0x000000072d200000, 0x000000072d200000, 0x000000072d400000|  0%| F|  |TAMS 0x000000072d200000, 0x000000072d200000| Untracked 
| 362|0x000000072d400000, 0x000000072d400000, 0x000000072d600000|  0%| F|  |TAMS 0x000000072d400000, 0x000000072d400000| Untracked 
| 363|0x000000072d600000, 0x000000072d600000, 0x000000072d800000|  0%| F|  |TAMS 0x000000072d600000, 0x000000072d600000| Untracked 
| 364|0x000000072d800000, 0x000000072d800000, 0x000000072da00000|  0%| F|  |TAMS 0x000000072d800000, 0x000000072d800000| Untracked 
| 365|0x000000072da00000, 0x000000072da00000, 0x000000072dc00000|  0%| F|  |TAMS 0x000000072da00000, 0x000000072da00000| Untracked 
| 366|0x000000072dc00000, 0x000000072dc00000, 0x000000072de00000|  0%| F|  |TAMS 0x000000072dc00000, 0x000000072dc00000| Untracked 
| 367|0x000000072de00000, 0x000000072de00000, 0x000000072e000000|  0%| F|  |TAMS 0x000000072de00000, 0x000000072de00000| Untracked 
| 368|0x000000072e000000, 0x000000072e000000, 0x000000072e200000|  0%| F|  |TAMS 0x000000072e000000, 0x000000072e000000| Untracked 
| 369|0x000000072e200000, 0x000000072e200000, 0x000000072e400000|  0%| F|  |TAMS 0x000000072e200000, 0x000000072e200000| Untracked 
| 370|0x000000072e400000, 0x000000072e400000, 0x000000072e600000|  0%| F|  |TAMS 0x000000072e400000, 0x000000072e400000| Untracked 
| 371|0x000000072e600000, 0x000000072e600000, 0x000000072e800000|  0%| F|  |TAMS 0x000000072e600000, 0x000000072e600000| Untracked 
| 372|0x000000072e800000, 0x000000072e800000, 0x000000072ea00000|  0%| F|  |TAMS 0x000000072e800000, 0x000000072e800000| Untracked 
| 373|0x000000072ea00000, 0x000000072ea00000, 0x000000072ec00000|  0%| F|  |TAMS 0x000000072ea00000, 0x000000072ea00000| Untracked 
| 374|0x000000072ec00000, 0x000000072ec00000, 0x000000072ee00000|  0%| F|  |TAMS 0x000000072ec00000, 0x000000072ec00000| Untracked 
| 375|0x000000072ee00000, 0x000000072ee00000, 0x000000072f000000|  0%| F|  |TAMS 0x000000072ee00000, 0x000000072ee00000| Untracked 
| 376|0x000000072f000000, 0x000000072f000000, 0x000000072f200000|  0%| F|  |TAMS 0x000000072f000000, 0x000000072f000000| Untracked 
| 377|0x000000072f200000, 0x000000072f200000, 0x000000072f400000|  0%| F|  |TAMS 0x000000072f200000, 0x000000072f200000| Untracked 
| 378|0x000000072f400000, 0x000000072f400000, 0x000000072f600000|  0%| F|  |TAMS 0x000000072f400000, 0x000000072f400000| Untracked 
| 379|0x000000072f600000, 0x000000072f600000, 0x000000072f800000|  0%| F|  |TAMS 0x000000072f600000, 0x000000072f600000| Untracked 
| 380|0x000000072f800000, 0x000000072f800000, 0x000000072fa00000|  0%| F|  |TAMS 0x000000072f800000, 0x000000072f800000| Untracked 
| 381|0x000000072fa00000, 0x000000072fa00000, 0x000000072fc00000|  0%| F|  |TAMS 0x000000072fa00000, 0x000000072fa00000| Untracked 
| 382|0x000000072fc00000, 0x000000072fc00000, 0x000000072fe00000|  0%| F|  |TAMS 0x000000072fc00000, 0x000000072fc00000| Untracked 
| 383|0x000000072fe00000, 0x000000072fe00000, 0x0000000730000000|  0%| F|  |TAMS 0x000000072fe00000, 0x000000072fe00000| Untracked 
| 384|0x0000000730000000, 0x0000000730000000, 0x0000000730200000|  0%| F|  |TAMS 0x0000000730000000, 0x0000000730000000| Untracked 
| 385|0x0000000730200000, 0x0000000730200000, 0x0000000730400000|  0%| F|  |TAMS 0x0000000730200000, 0x0000000730200000| Untracked 
| 386|0x0000000730400000, 0x0000000730400000, 0x0000000730600000|  0%| F|  |TAMS 0x0000000730400000, 0x0000000730400000| Untracked 
| 387|0x0000000730600000, 0x0000000730600000, 0x0000000730800000|  0%| F|  |TAMS 0x0000000730600000, 0x0000000730600000| Untracked 
| 388|0x0000000730800000, 0x0000000730800000, 0x0000000730a00000|  0%| F|  |TAMS 0x0000000730800000, 0x0000000730800000| Untracked 
| 389|0x0000000730a00000, 0x0000000730a00000, 0x0000000730c00000|  0%| F|  |TAMS 0x0000000730a00000, 0x0000000730a00000| Untracked 
| 390|0x0000000730c00000, 0x0000000730c00000, 0x0000000730e00000|  0%| F|  |TAMS 0x0000000730c00000, 0x0000000730c00000| Untracked 
| 391|0x0000000730e00000, 0x0000000730e00000, 0x0000000731000000|  0%| F|  |TAMS 0x0000000730e00000, 0x0000000730e00000| Untracked 
| 392|0x0000000731000000, 0x0000000731000000, 0x0000000731200000|  0%| F|  |TAMS 0x0000000731000000, 0x0000000731000000| Untracked 
| 393|0x0000000731200000, 0x0000000731200000, 0x0000000731400000|  0%| F|  |TAMS 0x0000000731200000, 0x0000000731200000| Untracked 
| 394|0x0000000731400000, 0x0000000731400000, 0x0000000731600000|  0%| F|  |TAMS 0x0000000731400000, 0x0000000731400000| Untracked 
| 395|0x0000000731600000, 0x0000000731600000, 0x0000000731800000|  0%| F|  |TAMS 0x0000000731600000, 0x0000000731600000| Untracked 
| 396|0x0000000731800000, 0x0000000731800000, 0x0000000731a00000|  0%| F|  |TAMS 0x0000000731800000, 0x0000000731800000| Untracked 
| 397|0x0000000731a00000, 0x0000000731a00000, 0x0000000731c00000|  0%| F|  |TAMS 0x0000000731a00000, 0x0000000731a00000| Untracked 
| 398|0x0000000731c00000, 0x0000000731c00000, 0x0000000731e00000|  0%| F|  |TAMS 0x0000000731c00000, 0x0000000731c00000| Untracked 
| 399|0x0000000731e00000, 0x0000000731e00000, 0x0000000732000000|  0%| F|  |TAMS 0x0000000731e00000, 0x0000000731e00000| Untracked 
| 400|0x0000000732000000, 0x0000000732000000, 0x0000000732200000|  0%| F|  |TAMS 0x0000000732000000, 0x0000000732000000| Untracked 
| 401|0x0000000732200000, 0x0000000732200000, 0x0000000732400000|  0%| F|  |TAMS 0x0000000732200000, 0x0000000732200000| Untracked 
| 402|0x0000000732400000, 0x0000000732400000, 0x0000000732600000|  0%| F|  |TAMS 0x0000000732400000, 0x0000000732400000| Untracked 
| 403|0x0000000732600000, 0x0000000732600000, 0x0000000732800000|  0%| F|  |TAMS 0x0000000732600000, 0x0000000732600000| Untracked 
| 404|0x0000000732800000, 0x0000000732800000, 0x0000000732a00000|  0%| F|  |TAMS 0x0000000732800000, 0x0000000732800000| Untracked 
| 405|0x0000000732a00000, 0x0000000732a00000, 0x0000000732c00000|  0%| F|  |TAMS 0x0000000732a00000, 0x0000000732a00000| Untracked 
| 406|0x0000000732c00000, 0x0000000732c00000, 0x0000000732e00000|  0%| F|  |TAMS 0x0000000732c00000, 0x0000000732c00000| Untracked 
| 407|0x0000000732e00000, 0x0000000732e00000, 0x0000000733000000|  0%| F|  |TAMS 0x0000000732e00000, 0x0000000732e00000| Untracked 
| 408|0x0000000733000000, 0x0000000733000000, 0x0000000733200000|  0%| F|  |TAMS 0x0000000733000000, 0x0000000733000000| Untracked 
| 409|0x0000000733200000, 0x0000000733200000, 0x0000000733400000|  0%| F|  |TAMS 0x0000000733200000, 0x0000000733200000| Untracked 
| 410|0x0000000733400000, 0x0000000733400000, 0x0000000733600000|  0%| F|  |TAMS 0x0000000733400000, 0x0000000733400000| Untracked 
| 411|0x0000000733600000, 0x0000000733600000, 0x0000000733800000|  0%| F|  |TAMS 0x0000000733600000, 0x0000000733600000| Untracked 
| 412|0x0000000733800000, 0x0000000733800000, 0x0000000733a00000|  0%| F|  |TAMS 0x0000000733800000, 0x0000000733800000| Untracked 
| 413|0x0000000733a00000, 0x0000000733a00000, 0x0000000733c00000|  0%| F|  |TAMS 0x0000000733a00000, 0x0000000733a00000| Untracked 
| 414|0x0000000733c00000, 0x0000000733c00000, 0x0000000733e00000|  0%| F|  |TAMS 0x0000000733c00000, 0x0000000733c00000| Untracked 
| 415|0x0000000733e00000, 0x0000000733e00000, 0x0000000734000000|  0%| F|  |TAMS 0x0000000733e00000, 0x0000000733e00000| Untracked 
| 416|0x0000000734000000, 0x0000000734000000, 0x0000000734200000|  0%| F|  |TAMS 0x0000000734000000, 0x0000000734000000| Untracked 
| 417|0x0000000734200000, 0x0000000734200000, 0x0000000734400000|  0%| F|  |TAMS 0x0000000734200000, 0x0000000734200000| Untracked 
| 418|0x0000000734400000, 0x0000000734400000, 0x0000000734600000|  0%| F|  |TAMS 0x0000000734400000, 0x0000000734400000| Untracked 
| 419|0x0000000734600000, 0x0000000734600000, 0x0000000734800000|  0%| F|  |TAMS 0x0000000734600000, 0x0000000734600000| Untracked 
| 420|0x0000000734800000, 0x0000000734800000, 0x0000000734a00000|  0%| F|  |TAMS 0x0000000734800000, 0x0000000734800000| Untracked 
| 421|0x0000000734a00000, 0x0000000734a00000, 0x0000000734c00000|  0%| F|  |TAMS 0x0000000734a00000, 0x0000000734a00000| Untracked 
| 422|0x0000000734c00000, 0x0000000734c00000, 0x0000000734e00000|  0%| F|  |TAMS 0x0000000734c00000, 0x0000000734c00000| Untracked 
| 423|0x0000000734e00000, 0x0000000734e00000, 0x0000000735000000|  0%| F|  |TAMS 0x0000000734e00000, 0x0000000734e00000| Untracked 
| 424|0x0000000735000000, 0x0000000735000000, 0x0000000735200000|  0%| F|  |TAMS 0x0000000735000000, 0x0000000735000000| Untracked 
| 425|0x0000000735200000, 0x0000000735200000, 0x0000000735400000|  0%| F|  |TAMS 0x0000000735200000, 0x0000000735200000| Untracked 
| 426|0x0000000735400000, 0x0000000735400000, 0x0000000735600000|  0%| F|  |TAMS 0x0000000735400000, 0x0000000735400000| Untracked 
| 427|0x0000000735600000, 0x0000000735600000, 0x0000000735800000|  0%| F|  |TAMS 0x0000000735600000, 0x0000000735600000| Untracked 
| 428|0x0000000735800000, 0x0000000735800000, 0x0000000735a00000|  0%| F|  |TAMS 0x0000000735800000, 0x0000000735800000| Untracked 
| 429|0x0000000735a00000, 0x0000000735a00000, 0x0000000735c00000|  0%| F|  |TAMS 0x0000000735a00000, 0x0000000735a00000| Untracked 
| 430|0x0000000735c00000, 0x0000000735c00000, 0x0000000735e00000|  0%| F|  |TAMS 0x0000000735c00000, 0x0000000735c00000| Untracked 
| 431|0x0000000735e00000, 0x0000000735e00000, 0x0000000736000000|  0%| F|  |TAMS 0x0000000735e00000, 0x0000000735e00000| Untracked 
| 432|0x0000000736000000, 0x0000000736000000, 0x0000000736200000|  0%| F|  |TAMS 0x0000000736000000, 0x0000000736000000| Untracked 
| 433|0x0000000736200000, 0x0000000736200000, 0x0000000736400000|  0%| F|  |TAMS 0x0000000736200000, 0x0000000736200000| Untracked 
| 434|0x0000000736400000, 0x0000000736400000, 0x0000000736600000|  0%| F|  |TAMS 0x0000000736400000, 0x0000000736400000| Untracked 
| 435|0x0000000736600000, 0x0000000736600000, 0x0000000736800000|  0%| F|  |TAMS 0x0000000736600000, 0x0000000736600000| Untracked 
| 436|0x0000000736800000, 0x0000000736800000, 0x0000000736a00000|  0%| F|  |TAMS 0x0000000736800000, 0x0000000736800000| Untracked 
| 437|0x0000000736a00000, 0x0000000736a00000, 0x0000000736c00000|  0%| F|  |TAMS 0x0000000736a00000, 0x0000000736a00000| Untracked 
| 438|0x0000000736c00000, 0x0000000736c00000, 0x0000000736e00000|  0%| F|  |TAMS 0x0000000736c00000, 0x0000000736c00000| Untracked 
| 439|0x0000000736e00000, 0x0000000736e00000, 0x0000000737000000|  0%| F|  |TAMS 0x0000000736e00000, 0x0000000736e00000| Untracked 
| 440|0x0000000737000000, 0x0000000737000000, 0x0000000737200000|  0%| F|  |TAMS 0x0000000737000000, 0x0000000737000000| Untracked 
| 441|0x0000000737200000, 0x0000000737200000, 0x0000000737400000|  0%| F|  |TAMS 0x0000000737200000, 0x0000000737200000| Untracked 
| 442|0x0000000737400000, 0x0000000737400000, 0x0000000737600000|  0%| F|  |TAMS 0x0000000737400000, 0x0000000737400000| Untracked 
| 443|0x0000000737600000, 0x0000000737600000, 0x0000000737800000|  0%| F|  |TAMS 0x0000000737600000, 0x0000000737600000| Untracked 
| 444|0x0000000737800000, 0x0000000737800000, 0x0000000737a00000|  0%| F|  |TAMS 0x0000000737800000, 0x0000000737800000| Untracked 
| 445|0x0000000737a00000, 0x0000000737a00000, 0x0000000737c00000|  0%| F|  |TAMS 0x0000000737a00000, 0x0000000737a00000| Untracked 
| 446|0x0000000737c00000, 0x0000000737c00000, 0x0000000737e00000|  0%| F|  |TAMS 0x0000000737c00000, 0x0000000737c00000| Untracked 
| 447|0x0000000737e00000, 0x0000000737e00000, 0x0000000738000000|  0%| F|  |TAMS 0x0000000737e00000, 0x0000000737e00000| Untracked 
| 448|0x0000000738000000, 0x0000000738000000, 0x0000000738200000|  0%| F|  |TAMS 0x0000000738000000, 0x0000000738000000| Untracked 
| 449|0x0000000738200000, 0x0000000738200000, 0x0000000738400000|  0%| F|  |TAMS 0x0000000738200000, 0x0000000738200000| Untracked 
| 450|0x0000000738400000, 0x0000000738400000, 0x0000000738600000|  0%| F|  |TAMS 0x0000000738400000, 0x0000000738400000| Untracked 
| 451|0x0000000738600000, 0x0000000738600000, 0x0000000738800000|  0%| F|  |TAMS 0x0000000738600000, 0x0000000738600000| Untracked 
| 452|0x0000000738800000, 0x0000000738800000, 0x0000000738a00000|  0%| F|  |TAMS 0x0000000738800000, 0x0000000738800000| Untracked 
| 453|0x0000000738a00000, 0x0000000738a00000, 0x0000000738c00000|  0%| F|  |TAMS 0x0000000738a00000, 0x0000000738a00000| Untracked 
| 454|0x0000000738c00000, 0x0000000738c00000, 0x0000000738e00000|  0%| F|  |TAMS 0x0000000738c00000, 0x0000000738c00000| Untracked 
| 455|0x0000000738e00000, 0x0000000738e00000, 0x0000000739000000|  0%| F|  |TAMS 0x0000000738e00000, 0x0000000738e00000| Untracked 
| 456|0x0000000739000000, 0x0000000739000000, 0x0000000739200000|  0%| F|  |TAMS 0x0000000739000000, 0x0000000739000000| Untracked 
| 457|0x0000000739200000, 0x0000000739200000, 0x0000000739400000|  0%| F|  |TAMS 0x0000000739200000, 0x0000000739200000| Untracked 
| 458|0x0000000739400000, 0x0000000739400000, 0x0000000739600000|  0%| F|  |TAMS 0x0000000739400000, 0x0000000739400000| Untracked 
| 459|0x0000000739600000, 0x0000000739600000, 0x0000000739800000|  0%| F|  |TAMS 0x0000000739600000, 0x0000000739600000| Untracked 
| 460|0x0000000739800000, 0x0000000739800000, 0x0000000739a00000|  0%| F|  |TAMS 0x0000000739800000, 0x0000000739800000| Untracked 
| 461|0x0000000739a00000, 0x0000000739a00000, 0x0000000739c00000|  0%| F|  |TAMS 0x0000000739a00000, 0x0000000739a00000| Untracked 
| 462|0x0000000739c00000, 0x0000000739c00000, 0x0000000739e00000|  0%| F|  |TAMS 0x0000000739c00000, 0x0000000739c00000| Untracked 
| 463|0x0000000739e00000, 0x0000000739e00000, 0x000000073a000000|  0%| F|  |TAMS 0x0000000739e00000, 0x0000000739e00000| Untracked 
| 464|0x000000073a000000, 0x000000073a000000, 0x000000073a200000|  0%| F|  |TAMS 0x000000073a000000, 0x000000073a000000| Untracked 
| 465|0x000000073a200000, 0x000000073a200000, 0x000000073a400000|  0%| F|  |TAMS 0x000000073a200000, 0x000000073a200000| Untracked 
| 466|0x000000073a400000, 0x000000073a400000, 0x000000073a600000|  0%| F|  |TAMS 0x000000073a400000, 0x000000073a400000| Untracked 
| 467|0x000000073a600000, 0x000000073a600000, 0x000000073a800000|  0%| F|  |TAMS 0x000000073a600000, 0x000000073a600000| Untracked 
| 468|0x000000073a800000, 0x000000073a800000, 0x000000073aa00000|  0%| F|  |TAMS 0x000000073a800000, 0x000000073a800000| Untracked 
| 469|0x000000073aa00000, 0x000000073aa00000, 0x000000073ac00000|  0%| F|  |TAMS 0x000000073aa00000, 0x000000073aa00000| Untracked 
| 470|0x000000073ac00000, 0x000000073ac00000, 0x000000073ae00000|  0%| F|  |TAMS 0x000000073ac00000, 0x000000073ac00000| Untracked 
| 471|0x000000073ae00000, 0x000000073ae00000, 0x000000073b000000|  0%| F|  |TAMS 0x000000073ae00000, 0x000000073ae00000| Untracked 
| 472|0x000000073b000000, 0x000000073b000000, 0x000000073b200000|  0%| F|  |TAMS 0x000000073b000000, 0x000000073b000000| Untracked 
| 473|0x000000073b200000, 0x000000073b200000, 0x000000073b400000|  0%| F|  |TAMS 0x000000073b200000, 0x000000073b200000| Untracked 
| 474|0x000000073b400000, 0x000000073b400000, 0x000000073b600000|  0%| F|  |TAMS 0x000000073b400000, 0x000000073b400000| Untracked 
| 475|0x000000073b600000, 0x000000073b600000, 0x000000073b800000|  0%| F|  |TAMS 0x000000073b600000, 0x000000073b600000| Untracked 
| 476|0x000000073b800000, 0x000000073b800000, 0x000000073ba00000|  0%| F|  |TAMS 0x000000073b800000, 0x000000073b800000| Untracked 
| 477|0x000000073ba00000, 0x000000073ba00000, 0x000000073bc00000|  0%| F|  |TAMS 0x000000073ba00000, 0x000000073ba00000| Untracked 
| 478|0x000000073bc00000, 0x000000073bc00000, 0x000000073be00000|  0%| F|  |TAMS 0x000000073bc00000, 0x000000073bc00000| Untracked 
| 479|0x000000073be00000, 0x000000073be00000, 0x000000073c000000|  0%| F|  |TAMS 0x000000073be00000, 0x000000073be00000| Untracked 
| 480|0x000000073c000000, 0x000000073c000000, 0x000000073c200000|  0%| F|  |TAMS 0x000000073c000000, 0x000000073c000000| Untracked 
| 481|0x000000073c200000, 0x000000073c200000, 0x000000073c400000|  0%| F|  |TAMS 0x000000073c200000, 0x000000073c200000| Untracked 
| 482|0x000000073c400000, 0x000000073c400000, 0x000000073c600000|  0%| F|  |TAMS 0x000000073c400000, 0x000000073c400000| Untracked 
| 483|0x000000073c600000, 0x000000073c600000, 0x000000073c800000|  0%| F|  |TAMS 0x000000073c600000, 0x000000073c600000| Untracked 
| 484|0x000000073c800000, 0x000000073c800000, 0x000000073ca00000|  0%| F|  |TAMS 0x000000073c800000, 0x000000073c800000| Untracked 
| 485|0x000000073ca00000, 0x000000073ca00000, 0x000000073cc00000|  0%| F|  |TAMS 0x000000073ca00000, 0x000000073ca00000| Untracked 
| 486|0x000000073cc00000, 0x000000073cc00000, 0x000000073ce00000|  0%| F|  |TAMS 0x000000073cc00000, 0x000000073cc00000| Untracked 
| 487|0x000000073ce00000, 0x000000073ce00000, 0x000000073d000000|  0%| F|  |TAMS 0x000000073ce00000, 0x000000073ce00000| Untracked 
| 488|0x000000073d000000, 0x000000073d000000, 0x000000073d200000|  0%| F|  |TAMS 0x000000073d000000, 0x000000073d000000| Untracked 
| 489|0x000000073d200000, 0x000000073d200000, 0x000000073d400000|  0%| F|  |TAMS 0x000000073d200000, 0x000000073d200000| Untracked 
| 490|0x000000073d400000, 0x000000073d400000, 0x000000073d600000|  0%| F|  |TAMS 0x000000073d400000, 0x000000073d400000| Untracked 
| 491|0x000000073d600000, 0x000000073d600000, 0x000000073d800000|  0%| F|  |TAMS 0x000000073d600000, 0x000000073d600000| Untracked 
| 492|0x000000073d800000, 0x000000073d800000, 0x000000073da00000|  0%| F|  |TAMS 0x000000073d800000, 0x000000073d800000| Untracked 
| 493|0x000000073da00000, 0x000000073da00000, 0x000000073dc00000|  0%| F|  |TAMS 0x000000073da00000, 0x000000073da00000| Untracked 
| 494|0x000000073dc00000, 0x000000073dc00000, 0x000000073de00000|  0%| F|  |TAMS 0x000000073dc00000, 0x000000073dc00000| Untracked 
| 495|0x000000073de00000, 0x000000073de00000, 0x000000073e000000|  0%| F|  |TAMS 0x000000073de00000, 0x000000073de00000| Untracked 
| 496|0x000000073e000000, 0x000000073e000000, 0x000000073e200000|  0%| F|  |TAMS 0x000000073e000000, 0x000000073e000000| Untracked 
| 497|0x000000073e200000, 0x000000073e200000, 0x000000073e400000|  0%| F|  |TAMS 0x000000073e200000, 0x000000073e200000| Untracked 
| 498|0x000000073e400000, 0x000000073e400000, 0x000000073e600000|  0%| F|  |TAMS 0x000000073e400000, 0x000000073e400000| Untracked 
| 499|0x000000073e600000, 0x000000073e600000, 0x000000073e800000|  0%| F|  |TAMS 0x000000073e600000, 0x000000073e600000| Untracked 
| 500|0x000000073e800000, 0x000000073e800000, 0x000000073ea00000|  0%| F|  |TAMS 0x000000073e800000, 0x000000073e800000| Untracked 
| 501|0x000000073ea00000, 0x000000073ea00000, 0x000000073ec00000|  0%| F|  |TAMS 0x000000073ea00000, 0x000000073ea00000| Untracked 
| 502|0x000000073ec00000, 0x000000073ec00000, 0x000000073ee00000|  0%| F|  |TAMS 0x000000073ec00000, 0x000000073ec00000| Untracked 
| 503|0x000000073ee00000, 0x000000073ee00000, 0x000000073f000000|  0%| F|  |TAMS 0x000000073ee00000, 0x000000073ee00000| Untracked 
| 504|0x000000073f000000, 0x000000073f000000, 0x000000073f200000|  0%| F|  |TAMS 0x000000073f000000, 0x000000073f000000| Untracked 
| 505|0x000000073f200000, 0x000000073f200000, 0x000000073f400000|  0%| F|  |TAMS 0x000000073f200000, 0x000000073f200000| Untracked 
| 506|0x000000073f400000, 0x000000073f400000, 0x000000073f600000|  0%| F|  |TAMS 0x000000073f400000, 0x000000073f400000| Untracked 
| 507|0x000000073f600000, 0x000000073f600000, 0x000000073f800000|  0%| F|  |TAMS 0x000000073f600000, 0x000000073f600000| Untracked 
| 508|0x000000073f800000, 0x000000073f800000, 0x000000073fa00000|  0%| F|  |TAMS 0x000000073f800000, 0x000000073f800000| Untracked 
| 509|0x000000073fa00000, 0x000000073fa00000, 0x000000073fc00000|  0%| F|  |TAMS 0x000000073fa00000, 0x000000073fa00000| Untracked 
| 510|0x000000073fc00000, 0x000000073fc00000, 0x000000073fe00000|  0%| F|  |TAMS 0x000000073fc00000, 0x000000073fc00000| Untracked 
| 511|0x000000073fe00000, 0x000000073fe00000, 0x0000000740000000|  0%| F|  |TAMS 0x000000073fe00000, 0x000000073fe00000| Untracked 
| 512|0x0000000740000000, 0x0000000740000000, 0x0000000740200000|  0%| F|  |TAMS 0x0000000740000000, 0x0000000740000000| Untracked 
| 513|0x0000000740200000, 0x0000000740200000, 0x0000000740400000|  0%| F|  |TAMS 0x0000000740200000, 0x0000000740200000| Untracked 
| 514|0x0000000740400000, 0x0000000740400000, 0x0000000740600000|  0%| F|  |TAMS 0x0000000740400000, 0x0000000740400000| Untracked 
| 515|0x0000000740600000, 0x0000000740600000, 0x0000000740800000|  0%| F|  |TAMS 0x0000000740600000, 0x0000000740600000| Untracked 
| 516|0x0000000740800000, 0x0000000740800000, 0x0000000740a00000|  0%| F|  |TAMS 0x0000000740800000, 0x0000000740800000| Untracked 
| 517|0x0000000740a00000, 0x0000000740a00000, 0x0000000740c00000|  0%| F|  |TAMS 0x0000000740a00000, 0x0000000740a00000| Untracked 
| 518|0x0000000740c00000, 0x0000000740c00000, 0x0000000740e00000|  0%| F|  |TAMS 0x0000000740c00000, 0x0000000740c00000| Untracked 
| 519|0x0000000740e00000, 0x0000000740e00000, 0x0000000741000000|  0%| F|  |TAMS 0x0000000740e00000, 0x0000000740e00000| Untracked 
| 520|0x0000000741000000, 0x0000000741000000, 0x0000000741200000|  0%| F|  |TAMS 0x0000000741000000, 0x0000000741000000| Untracked 
| 521|0x0000000741200000, 0x0000000741200000, 0x0000000741400000|  0%| F|  |TAMS 0x0000000741200000, 0x0000000741200000| Untracked 
| 522|0x0000000741400000, 0x0000000741400000, 0x0000000741600000|  0%| F|  |TAMS 0x0000000741400000, 0x0000000741400000| Untracked 
| 523|0x0000000741600000, 0x0000000741600000, 0x0000000741800000|  0%| F|  |TAMS 0x0000000741600000, 0x0000000741600000| Untracked 
| 524|0x0000000741800000, 0x0000000741800000, 0x0000000741a00000|  0%| F|  |TAMS 0x0000000741800000, 0x0000000741800000| Untracked 
| 525|0x0000000741a00000, 0x0000000741a00000, 0x0000000741c00000|  0%| F|  |TAMS 0x0000000741a00000, 0x0000000741a00000| Untracked 
| 526|0x0000000741c00000, 0x0000000741c00000, 0x0000000741e00000|  0%| F|  |TAMS 0x0000000741c00000, 0x0000000741c00000| Untracked 
| 527|0x0000000741e00000, 0x0000000741e00000, 0x0000000742000000|  0%| F|  |TAMS 0x0000000741e00000, 0x0000000741e00000| Untracked 
| 528|0x0000000742000000, 0x0000000742000000, 0x0000000742200000|  0%| F|  |TAMS 0x0000000742000000, 0x0000000742000000| Untracked 
| 529|0x0000000742200000, 0x0000000742200000, 0x0000000742400000|  0%| F|  |TAMS 0x0000000742200000, 0x0000000742200000| Untracked 
| 530|0x0000000742400000, 0x0000000742400000, 0x0000000742600000|  0%| F|  |TAMS 0x0000000742400000, 0x0000000742400000| Untracked 
| 531|0x0000000742600000, 0x0000000742600000, 0x0000000742800000|  0%| F|  |TAMS 0x0000000742600000, 0x0000000742600000| Untracked 
| 532|0x0000000742800000, 0x0000000742800000, 0x0000000742a00000|  0%| F|  |TAMS 0x0000000742800000, 0x0000000742800000| Untracked 
| 533|0x0000000742a00000, 0x0000000742a00000, 0x0000000742c00000|  0%| F|  |TAMS 0x0000000742a00000, 0x0000000742a00000| Untracked 
| 534|0x0000000742c00000, 0x0000000742c00000, 0x0000000742e00000|  0%| F|  |TAMS 0x0000000742c00000, 0x0000000742c00000| Untracked 
| 535|0x0000000742e00000, 0x0000000742e00000, 0x0000000743000000|  0%| F|  |TAMS 0x0000000742e00000, 0x0000000742e00000| Untracked 
| 536|0x0000000743000000, 0x0000000743000000, 0x0000000743200000|  0%| F|  |TAMS 0x0000000743000000, 0x0000000743000000| Untracked 
| 537|0x0000000743200000, 0x0000000743200000, 0x0000000743400000|  0%| F|  |TAMS 0x0000000743200000, 0x0000000743200000| Untracked 
| 538|0x0000000743400000, 0x0000000743400000, 0x0000000743600000|  0%| F|  |TAMS 0x0000000743400000, 0x0000000743400000| Untracked 
| 539|0x0000000743600000, 0x0000000743600000, 0x0000000743800000|  0%| F|  |TAMS 0x0000000743600000, 0x0000000743600000| Untracked 
| 540|0x0000000743800000, 0x0000000743800000, 0x0000000743a00000|  0%| F|  |TAMS 0x0000000743800000, 0x0000000743800000| Untracked 
| 541|0x0000000743a00000, 0x0000000743a00000, 0x0000000743c00000|  0%| F|  |TAMS 0x0000000743a00000, 0x0000000743a00000| Untracked 
| 542|0x0000000743c00000, 0x0000000743c00000, 0x0000000743e00000|  0%| F|  |TAMS 0x0000000743c00000, 0x0000000743c00000| Untracked 
| 543|0x0000000743e00000, 0x0000000743e00000, 0x0000000744000000|  0%| F|  |TAMS 0x0000000743e00000, 0x0000000743e00000| Untracked 
| 544|0x0000000744000000, 0x0000000744000000, 0x0000000744200000|  0%| F|  |TAMS 0x0000000744000000, 0x0000000744000000| Untracked 
| 545|0x0000000744200000, 0x0000000744200000, 0x0000000744400000|  0%| F|  |TAMS 0x0000000744200000, 0x0000000744200000| Untracked 
| 546|0x0000000744400000, 0x0000000744400000, 0x0000000744600000|  0%| F|  |TAMS 0x0000000744400000, 0x0000000744400000| Untracked 
| 547|0x0000000744600000, 0x0000000744600000, 0x0000000744800000|  0%| F|  |TAMS 0x0000000744600000, 0x0000000744600000| Untracked 
| 548|0x0000000744800000, 0x0000000744800000, 0x0000000744a00000|  0%| F|  |TAMS 0x0000000744800000, 0x0000000744800000| Untracked 
| 549|0x0000000744a00000, 0x0000000744a00000, 0x0000000744c00000|  0%| F|  |TAMS 0x0000000744a00000, 0x0000000744a00000| Untracked 
| 550|0x0000000744c00000, 0x0000000744c00000, 0x0000000744e00000|  0%| F|  |TAMS 0x0000000744c00000, 0x0000000744c00000| Untracked 
| 551|0x0000000744e00000, 0x0000000744e00000, 0x0000000745000000|  0%| F|  |TAMS 0x0000000744e00000, 0x0000000744e00000| Untracked 
| 552|0x0000000745000000, 0x0000000745000000, 0x0000000745200000|  0%| F|  |TAMS 0x0000000745000000, 0x0000000745000000| Untracked 
| 553|0x0000000745200000, 0x0000000745200000, 0x0000000745400000|  0%| F|  |TAMS 0x0000000745200000, 0x0000000745200000| Untracked 
| 554|0x0000000745400000, 0x0000000745400000, 0x0000000745600000|  0%| F|  |TAMS 0x0000000745400000, 0x0000000745400000| Untracked 
| 555|0x0000000745600000, 0x0000000745600000, 0x0000000745800000|  0%| F|  |TAMS 0x0000000745600000, 0x0000000745600000| Untracked 
| 556|0x0000000745800000, 0x0000000745800000, 0x0000000745a00000|  0%| F|  |TAMS 0x0000000745800000, 0x0000000745800000| Untracked 
| 557|0x0000000745a00000, 0x0000000745a00000, 0x0000000745c00000|  0%| F|  |TAMS 0x0000000745a00000, 0x0000000745a00000| Untracked 
| 558|0x0000000745c00000, 0x0000000745c00000, 0x0000000745e00000|  0%| F|  |TAMS 0x0000000745c00000, 0x0000000745c00000| Untracked 
| 559|0x0000000745e00000, 0x0000000745e00000, 0x0000000746000000|  0%| F|  |TAMS 0x0000000745e00000, 0x0000000745e00000| Untracked 
| 560|0x0000000746000000, 0x0000000746000000, 0x0000000746200000|  0%| F|  |TAMS 0x0000000746000000, 0x0000000746000000| Untracked 
| 561|0x0000000746200000, 0x0000000746200000, 0x0000000746400000|  0%| F|  |TAMS 0x0000000746200000, 0x0000000746200000| Untracked 
| 562|0x0000000746400000, 0x0000000746400000, 0x0000000746600000|  0%| F|  |TAMS 0x0000000746400000, 0x0000000746400000| Untracked 
| 563|0x0000000746600000, 0x0000000746600000, 0x0000000746800000|  0%| F|  |TAMS 0x0000000746600000, 0x0000000746600000| Untracked 
| 564|0x0000000746800000, 0x0000000746800000, 0x0000000746a00000|  0%| F|  |TAMS 0x0000000746800000, 0x0000000746800000| Untracked 
| 565|0x0000000746a00000, 0x0000000746a00000, 0x0000000746c00000|  0%| F|  |TAMS 0x0000000746a00000, 0x0000000746a00000| Untracked 
| 566|0x0000000746c00000, 0x0000000746c00000, 0x0000000746e00000|  0%| F|  |TAMS 0x0000000746c00000, 0x0000000746c00000| Untracked 
| 567|0x0000000746e00000, 0x0000000746e00000, 0x0000000747000000|  0%| F|  |TAMS 0x0000000746e00000, 0x0000000746e00000| Untracked 
| 568|0x0000000747000000, 0x0000000747000000, 0x0000000747200000|  0%| F|  |TAMS 0x0000000747000000, 0x0000000747000000| Untracked 
| 569|0x0000000747200000, 0x0000000747200000, 0x0000000747400000|  0%| F|  |TAMS 0x0000000747200000, 0x0000000747200000| Untracked 
| 570|0x0000000747400000, 0x0000000747400000, 0x0000000747600000|  0%| F|  |TAMS 0x0000000747400000, 0x0000000747400000| Untracked 
| 571|0x0000000747600000, 0x0000000747600000, 0x0000000747800000|  0%| F|  |TAMS 0x0000000747600000, 0x0000000747600000| Untracked 
| 572|0x0000000747800000, 0x0000000747800000, 0x0000000747a00000|  0%| F|  |TAMS 0x0000000747800000, 0x0000000747800000| Untracked 
| 573|0x0000000747a00000, 0x0000000747a00000, 0x0000000747c00000|  0%| F|  |TAMS 0x0000000747a00000, 0x0000000747a00000| Untracked 
| 574|0x0000000747c00000, 0x0000000747c00000, 0x0000000747e00000|  0%| F|  |TAMS 0x0000000747c00000, 0x0000000747c00000| Untracked 
| 575|0x0000000747e00000, 0x0000000747e00000, 0x0000000748000000|  0%| F|  |TAMS 0x0000000747e00000, 0x0000000747e00000| Untracked 
| 576|0x0000000748000000, 0x0000000748000000, 0x0000000748200000|  0%| F|  |TAMS 0x0000000748000000, 0x0000000748000000| Untracked 
| 577|0x0000000748200000, 0x0000000748200000, 0x0000000748400000|  0%| F|  |TAMS 0x0000000748200000, 0x0000000748200000| Untracked 
| 578|0x0000000748400000, 0x0000000748400000, 0x0000000748600000|  0%| F|  |TAMS 0x0000000748400000, 0x0000000748400000| Untracked 
| 579|0x0000000748600000, 0x0000000748600000, 0x0000000748800000|  0%| F|  |TAMS 0x0000000748600000, 0x0000000748600000| Untracked 
| 580|0x0000000748800000, 0x0000000748800000, 0x0000000748a00000|  0%| F|  |TAMS 0x0000000748800000, 0x0000000748800000| Untracked 
| 581|0x0000000748a00000, 0x0000000748a00000, 0x0000000748c00000|  0%| F|  |TAMS 0x0000000748a00000, 0x0000000748a00000| Untracked 
| 582|0x0000000748c00000, 0x0000000748c00000, 0x0000000748e00000|  0%| F|  |TAMS 0x0000000748c00000, 0x0000000748c00000| Untracked 
| 583|0x0000000748e00000, 0x0000000748e00000, 0x0000000749000000|  0%| F|  |TAMS 0x0000000748e00000, 0x0000000748e00000| Untracked 
| 584|0x0000000749000000, 0x0000000749000000, 0x0000000749200000|  0%| F|  |TAMS 0x0000000749000000, 0x0000000749000000| Untracked 
| 585|0x0000000749200000, 0x0000000749200000, 0x0000000749400000|  0%| F|  |TAMS 0x0000000749200000, 0x0000000749200000| Untracked 
| 586|0x0000000749400000, 0x0000000749400000, 0x0000000749600000|  0%| F|  |TAMS 0x0000000749400000, 0x0000000749400000| Untracked 
| 587|0x0000000749600000, 0x0000000749600000, 0x0000000749800000|  0%| F|  |TAMS 0x0000000749600000, 0x0000000749600000| Untracked 
| 588|0x0000000749800000, 0x0000000749800000, 0x0000000749a00000|  0%| F|  |TAMS 0x0000000749800000, 0x0000000749800000| Untracked 
| 589|0x0000000749a00000, 0x0000000749a00000, 0x0000000749c00000|  0%| F|  |TAMS 0x0000000749a00000, 0x0000000749a00000| Untracked 
| 590|0x0000000749c00000, 0x0000000749c00000, 0x0000000749e00000|  0%| F|  |TAMS 0x0000000749c00000, 0x0000000749c00000| Untracked 
| 591|0x0000000749e00000, 0x0000000749e00000, 0x000000074a000000|  0%| F|  |TAMS 0x0000000749e00000, 0x0000000749e00000| Untracked 
| 592|0x000000074a000000, 0x000000074a000000, 0x000000074a200000|  0%| F|  |TAMS 0x000000074a000000, 0x000000074a000000| Untracked 
| 593|0x000000074a200000, 0x000000074a200000, 0x000000074a400000|  0%| F|  |TAMS 0x000000074a200000, 0x000000074a200000| Untracked 
| 594|0x000000074a400000, 0x000000074a400000, 0x000000074a600000|  0%| F|  |TAMS 0x000000074a400000, 0x000000074a400000| Untracked 
| 595|0x000000074a600000, 0x000000074a600000, 0x000000074a800000|  0%| F|  |TAMS 0x000000074a600000, 0x000000074a600000| Untracked 
| 596|0x000000074a800000, 0x000000074a800000, 0x000000074aa00000|  0%| F|  |TAMS 0x000000074a800000, 0x000000074a800000| Untracked 
| 597|0x000000074aa00000, 0x000000074aa00000, 0x000000074ac00000|  0%| F|  |TAMS 0x000000074aa00000, 0x000000074aa00000| Untracked 
| 598|0x000000074ac00000, 0x000000074ac00000, 0x000000074ae00000|  0%| F|  |TAMS 0x000000074ac00000, 0x000000074ac00000| Untracked 
| 599|0x000000074ae00000, 0x000000074ae00000, 0x000000074b000000|  0%| F|  |TAMS 0x000000074ae00000, 0x000000074ae00000| Untracked 
| 600|0x000000074b000000, 0x000000074b000000, 0x000000074b200000|  0%| F|  |TAMS 0x000000074b000000, 0x000000074b000000| Untracked 
| 601|0x000000074b200000, 0x000000074b200000, 0x000000074b400000|  0%| F|  |TAMS 0x000000074b200000, 0x000000074b200000| Untracked 
| 602|0x000000074b400000, 0x000000074b400000, 0x000000074b600000|  0%| F|  |TAMS 0x000000074b400000, 0x000000074b400000| Untracked 
| 603|0x000000074b600000, 0x000000074b600000, 0x000000074b800000|  0%| F|  |TAMS 0x000000074b600000, 0x000000074b600000| Untracked 
| 604|0x000000074b800000, 0x000000074b800000, 0x000000074ba00000|  0%| F|  |TAMS 0x000000074b800000, 0x000000074b800000| Untracked 
| 605|0x000000074ba00000, 0x000000074ba00000, 0x000000074bc00000|  0%| F|  |TAMS 0x000000074ba00000, 0x000000074ba00000| Untracked 
| 606|0x000000074bc00000, 0x000000074bc00000, 0x000000074be00000|  0%| F|  |TAMS 0x000000074bc00000, 0x000000074bc00000| Untracked 
| 607|0x000000074be00000, 0x000000074be00000, 0x000000074c000000|  0%| F|  |TAMS 0x000000074be00000, 0x000000074be00000| Untracked 
| 608|0x000000074c000000, 0x000000074c000000, 0x000000074c200000|  0%| F|  |TAMS 0x000000074c000000, 0x000000074c000000| Untracked 
| 609|0x000000074c200000, 0x000000074c200000, 0x000000074c400000|  0%| F|  |TAMS 0x000000074c200000, 0x000000074c200000| Untracked 
| 610|0x000000074c400000, 0x000000074c400000, 0x000000074c600000|  0%| F|  |TAMS 0x000000074c400000, 0x000000074c400000| Untracked 
| 611|0x000000074c600000, 0x000000074c600000, 0x000000074c800000|  0%| F|  |TAMS 0x000000074c600000, 0x000000074c600000| Untracked 
| 612|0x000000074c800000, 0x000000074c800000, 0x000000074ca00000|  0%| F|  |TAMS 0x000000074c800000, 0x000000074c800000| Untracked 
| 613|0x000000074ca00000, 0x000000074ca00000, 0x000000074cc00000|  0%| F|  |TAMS 0x000000074ca00000, 0x000000074ca00000| Untracked 
| 614|0x000000074cc00000, 0x000000074cc00000, 0x000000074ce00000|  0%| F|  |TAMS 0x000000074cc00000, 0x000000074cc00000| Untracked 
| 615|0x000000074ce00000, 0x000000074ce00000, 0x000000074d000000|  0%| F|  |TAMS 0x000000074ce00000, 0x000000074ce00000| Untracked 
| 616|0x000000074d000000, 0x000000074d000000, 0x000000074d200000|  0%| F|  |TAMS 0x000000074d000000, 0x000000074d000000| Untracked 
| 617|0x000000074d200000, 0x000000074d200000, 0x000000074d400000|  0%| F|  |TAMS 0x000000074d200000, 0x000000074d200000| Untracked 
| 618|0x000000074d400000, 0x000000074d400000, 0x000000074d600000|  0%| F|  |TAMS 0x000000074d400000, 0x000000074d400000| Untracked 
| 619|0x000000074d600000, 0x000000074d600000, 0x000000074d800000|  0%| F|  |TAMS 0x000000074d600000, 0x000000074d600000| Untracked 
| 620|0x000000074d800000, 0x000000074d800000, 0x000000074da00000|  0%| F|  |TAMS 0x000000074d800000, 0x000000074d800000| Untracked 
| 621|0x000000074da00000, 0x000000074da00000, 0x000000074dc00000|  0%| F|  |TAMS 0x000000074da00000, 0x000000074da00000| Untracked 
| 622|0x000000074dc00000, 0x000000074dc00000, 0x000000074de00000|  0%| F|  |TAMS 0x000000074dc00000, 0x000000074dc00000| Untracked 
| 623|0x000000074de00000, 0x000000074de00000, 0x000000074e000000|  0%| F|  |TAMS 0x000000074de00000, 0x000000074de00000| Untracked 
| 624|0x000000074e000000, 0x000000074e000000, 0x000000074e200000|  0%| F|  |TAMS 0x000000074e000000, 0x000000074e000000| Untracked 
| 625|0x000000074e200000, 0x000000074e200000, 0x000000074e400000|  0%| F|  |TAMS 0x000000074e200000, 0x000000074e200000| Untracked 
| 626|0x000000074e400000, 0x000000074e400000, 0x000000074e600000|  0%| F|  |TAMS 0x000000074e400000, 0x000000074e400000| Untracked 
| 627|0x000000074e600000, 0x000000074e600000, 0x000000074e800000|  0%| F|  |TAMS 0x000000074e600000, 0x000000074e600000| Untracked 
| 628|0x000000074e800000, 0x000000074e800000, 0x000000074ea00000|  0%| F|  |TAMS 0x000000074e800000, 0x000000074e800000| Untracked 
| 629|0x000000074ea00000, 0x000000074ea00000, 0x000000074ec00000|  0%| F|  |TAMS 0x000000074ea00000, 0x000000074ea00000| Untracked 
| 630|0x000000074ec00000, 0x000000074ec00000, 0x000000074ee00000|  0%| F|  |TAMS 0x000000074ec00000, 0x000000074ec00000| Untracked 
| 631|0x000000074ee00000, 0x000000074ee00000, 0x000000074f000000|  0%| F|  |TAMS 0x000000074ee00000, 0x000000074ee00000| Untracked 
| 632|0x000000074f000000, 0x000000074f000000, 0x000000074f200000|  0%| F|  |TAMS 0x000000074f000000, 0x000000074f000000| Untracked 
| 633|0x000000074f200000, 0x000000074f200000, 0x000000074f400000|  0%| F|  |TAMS 0x000000074f200000, 0x000000074f200000| Untracked 
| 634|0x000000074f400000, 0x000000074f400000, 0x000000074f600000|  0%| F|  |TAMS 0x000000074f400000, 0x000000074f400000| Untracked 
| 635|0x000000074f600000, 0x000000074f600000, 0x000000074f800000|  0%| F|  |TAMS 0x000000074f600000, 0x000000074f600000| Untracked 
| 636|0x000000074f800000, 0x000000074f800000, 0x000000074fa00000|  0%| F|  |TAMS 0x000000074f800000, 0x000000074f800000| Untracked 
| 637|0x000000074fa00000, 0x000000074fa00000, 0x000000074fc00000|  0%| F|  |TAMS 0x000000074fa00000, 0x000000074fa00000| Untracked 
| 638|0x000000074fc00000, 0x000000074fc00000, 0x000000074fe00000|  0%| F|  |TAMS 0x000000074fc00000, 0x000000074fc00000| Untracked 
| 639|0x000000074fe00000, 0x000000074fe00000, 0x0000000750000000|  0%| F|  |TAMS 0x000000074fe00000, 0x000000074fe00000| Untracked 
| 640|0x0000000750000000, 0x0000000750000000, 0x0000000750200000|  0%| F|  |TAMS 0x0000000750000000, 0x0000000750000000| Untracked 
| 641|0x0000000750200000, 0x0000000750200000, 0x0000000750400000|  0%| F|  |TAMS 0x0000000750200000, 0x0000000750200000| Untracked 
| 642|0x0000000750400000, 0x0000000750400000, 0x0000000750600000|  0%| F|  |TAMS 0x0000000750400000, 0x0000000750400000| Untracked 
| 643|0x0000000750600000, 0x0000000750600000, 0x0000000750800000|  0%| F|  |TAMS 0x0000000750600000, 0x0000000750600000| Untracked 
| 644|0x0000000750800000, 0x0000000750800000, 0x0000000750a00000|  0%| F|  |TAMS 0x0000000750800000, 0x0000000750800000| Untracked 
| 645|0x0000000750a00000, 0x0000000750a00000, 0x0000000750c00000|  0%| F|  |TAMS 0x0000000750a00000, 0x0000000750a00000| Untracked 
| 646|0x0000000750c00000, 0x0000000750c00000, 0x0000000750e00000|  0%| F|  |TAMS 0x0000000750c00000, 0x0000000750c00000| Untracked 
| 647|0x0000000750e00000, 0x0000000750e00000, 0x0000000751000000|  0%| F|  |TAMS 0x0000000750e00000, 0x0000000750e00000| Untracked 
| 648|0x0000000751000000, 0x0000000751000000, 0x0000000751200000|  0%| F|  |TAMS 0x0000000751000000, 0x0000000751000000| Untracked 
| 649|0x0000000751200000, 0x0000000751200000, 0x0000000751400000|  0%| F|  |TAMS 0x0000000751200000, 0x0000000751200000| Untracked 
| 650|0x0000000751400000, 0x0000000751400000, 0x0000000751600000|  0%| F|  |TAMS 0x0000000751400000, 0x0000000751400000| Untracked 
| 651|0x0000000751600000, 0x0000000751600000, 0x0000000751800000|  0%| F|  |TAMS 0x0000000751600000, 0x0000000751600000| Untracked 
| 652|0x0000000751800000, 0x0000000751800000, 0x0000000751a00000|  0%| F|  |TAMS 0x0000000751800000, 0x0000000751800000| Untracked 
| 653|0x0000000751a00000, 0x0000000751a00000, 0x0000000751c00000|  0%| F|  |TAMS 0x0000000751a00000, 0x0000000751a00000| Untracked 
| 654|0x0000000751c00000, 0x0000000751c00000, 0x0000000751e00000|  0%| F|  |TAMS 0x0000000751c00000, 0x0000000751c00000| Untracked 
| 655|0x0000000751e00000, 0x0000000751e00000, 0x0000000752000000|  0%| F|  |TAMS 0x0000000751e00000, 0x0000000751e00000| Untracked 
| 656|0x0000000752000000, 0x0000000752000000, 0x0000000752200000|  0%| F|  |TAMS 0x0000000752000000, 0x0000000752000000| Untracked 
| 657|0x0000000752200000, 0x0000000752200000, 0x0000000752400000|  0%| F|  |TAMS 0x0000000752200000, 0x0000000752200000| Untracked 
| 658|0x0000000752400000, 0x0000000752400000, 0x0000000752600000|  0%| F|  |TAMS 0x0000000752400000, 0x0000000752400000| Untracked 
| 659|0x0000000752600000, 0x0000000752600000, 0x0000000752800000|  0%| F|  |TAMS 0x0000000752600000, 0x0000000752600000| Untracked 
| 660|0x0000000752800000, 0x0000000752800000, 0x0000000752a00000|  0%| F|  |TAMS 0x0000000752800000, 0x0000000752800000| Untracked 
| 661|0x0000000752a00000, 0x0000000752a00000, 0x0000000752c00000|  0%| F|  |TAMS 0x0000000752a00000, 0x0000000752a00000| Untracked 
| 662|0x0000000752c00000, 0x0000000752c00000, 0x0000000752e00000|  0%| F|  |TAMS 0x0000000752c00000, 0x0000000752c00000| Untracked 
| 663|0x0000000752e00000, 0x0000000752e00000, 0x0000000753000000|  0%| F|  |TAMS 0x0000000752e00000, 0x0000000752e00000| Untracked 
| 664|0x0000000753000000, 0x0000000753000000, 0x0000000753200000|  0%| F|  |TAMS 0x0000000753000000, 0x0000000753000000| Untracked 
| 665|0x0000000753200000, 0x0000000753200000, 0x0000000753400000|  0%| F|  |TAMS 0x0000000753200000, 0x0000000753200000| Untracked 
| 666|0x0000000753400000, 0x0000000753400000, 0x0000000753600000|  0%| F|  |TAMS 0x0000000753400000, 0x0000000753400000| Untracked 
| 667|0x0000000753600000, 0x0000000753600000, 0x0000000753800000|  0%| F|  |TAMS 0x0000000753600000, 0x0000000753600000| Untracked 
| 668|0x0000000753800000, 0x0000000753800000, 0x0000000753a00000|  0%| F|  |TAMS 0x0000000753800000, 0x0000000753800000| Untracked 
| 669|0x0000000753a00000, 0x0000000753a00000, 0x0000000753c00000|  0%| F|  |TAMS 0x0000000753a00000, 0x0000000753a00000| Untracked 
| 670|0x0000000753c00000, 0x0000000753c00000, 0x0000000753e00000|  0%| F|  |TAMS 0x0000000753c00000, 0x0000000753c00000| Untracked 
| 671|0x0000000753e00000, 0x0000000753e00000, 0x0000000754000000|  0%| F|  |TAMS 0x0000000753e00000, 0x0000000753e00000| Untracked 
| 672|0x0000000754000000, 0x0000000754000000, 0x0000000754200000|  0%| F|  |TAMS 0x0000000754000000, 0x0000000754000000| Untracked 
| 673|0x0000000754200000, 0x0000000754200000, 0x0000000754400000|  0%| F|  |TAMS 0x0000000754200000, 0x0000000754200000| Untracked 
| 674|0x0000000754400000, 0x0000000754400000, 0x0000000754600000|  0%| F|  |TAMS 0x0000000754400000, 0x0000000754400000| Untracked 
| 675|0x0000000754600000, 0x0000000754600000, 0x0000000754800000|  0%| F|  |TAMS 0x0000000754600000, 0x0000000754600000| Untracked 
| 676|0x0000000754800000, 0x0000000754800000, 0x0000000754a00000|  0%| F|  |TAMS 0x0000000754800000, 0x0000000754800000| Untracked 
| 677|0x0000000754a00000, 0x0000000754a00000, 0x0000000754c00000|  0%| F|  |TAMS 0x0000000754a00000, 0x0000000754a00000| Untracked 
| 678|0x0000000754c00000, 0x0000000754c00000, 0x0000000754e00000|  0%| F|  |TAMS 0x0000000754c00000, 0x0000000754c00000| Untracked 
| 679|0x0000000754e00000, 0x0000000754e00000, 0x0000000755000000|  0%| F|  |TAMS 0x0000000754e00000, 0x0000000754e00000| Untracked 
| 680|0x0000000755000000, 0x0000000755000000, 0x0000000755200000|  0%| F|  |TAMS 0x0000000755000000, 0x0000000755000000| Untracked 
| 681|0x0000000755200000, 0x0000000755200000, 0x0000000755400000|  0%| F|  |TAMS 0x0000000755200000, 0x0000000755200000| Untracked 
| 682|0x0000000755400000, 0x0000000755400000, 0x0000000755600000|  0%| F|  |TAMS 0x0000000755400000, 0x0000000755400000| Untracked 
| 683|0x0000000755600000, 0x0000000755600000, 0x0000000755800000|  0%| F|  |TAMS 0x0000000755600000, 0x0000000755600000| Untracked 
| 684|0x0000000755800000, 0x0000000755800000, 0x0000000755a00000|  0%| F|  |TAMS 0x0000000755800000, 0x0000000755800000| Untracked 
| 685|0x0000000755a00000, 0x0000000755a00000, 0x0000000755c00000|  0%| F|  |TAMS 0x0000000755a00000, 0x0000000755a00000| Untracked 
| 686|0x0000000755c00000, 0x0000000755c00000, 0x0000000755e00000|  0%| F|  |TAMS 0x0000000755c00000, 0x0000000755c00000| Untracked 
| 687|0x0000000755e00000, 0x0000000755e00000, 0x0000000756000000|  0%| F|  |TAMS 0x0000000755e00000, 0x0000000755e00000| Untracked 
| 688|0x0000000756000000, 0x0000000756000000, 0x0000000756200000|  0%| F|  |TAMS 0x0000000756000000, 0x0000000756000000| Untracked 
| 689|0x0000000756200000, 0x0000000756200000, 0x0000000756400000|  0%| F|  |TAMS 0x0000000756200000, 0x0000000756200000| Untracked 
| 690|0x0000000756400000, 0x0000000756400000, 0x0000000756600000|  0%| F|  |TAMS 0x0000000756400000, 0x0000000756400000| Untracked 
| 691|0x0000000756600000, 0x0000000756600000, 0x0000000756800000|  0%| F|  |TAMS 0x0000000756600000, 0x0000000756600000| Untracked 
| 692|0x0000000756800000, 0x0000000756800000, 0x0000000756a00000|  0%| F|  |TAMS 0x0000000756800000, 0x0000000756800000| Untracked 
| 693|0x0000000756a00000, 0x0000000756a00000, 0x0000000756c00000|  0%| F|  |TAMS 0x0000000756a00000, 0x0000000756a00000| Untracked 
| 694|0x0000000756c00000, 0x0000000756c00000, 0x0000000756e00000|  0%| F|  |TAMS 0x0000000756c00000, 0x0000000756c00000| Untracked 
| 695|0x0000000756e00000, 0x0000000756e00000, 0x0000000757000000|  0%| F|  |TAMS 0x0000000756e00000, 0x0000000756e00000| Untracked 
| 696|0x0000000757000000, 0x0000000757000000, 0x0000000757200000|  0%| F|  |TAMS 0x0000000757000000, 0x0000000757000000| Untracked 
| 697|0x0000000757200000, 0x0000000757200000, 0x0000000757400000|  0%| F|  |TAMS 0x0000000757200000, 0x0000000757200000| Untracked 
| 698|0x0000000757400000, 0x0000000757400000, 0x0000000757600000|  0%| F|  |TAMS 0x0000000757400000, 0x0000000757400000| Untracked 
| 699|0x0000000757600000, 0x0000000757600000, 0x0000000757800000|  0%| F|  |TAMS 0x0000000757600000, 0x0000000757600000| Untracked 
| 700|0x0000000757800000, 0x0000000757800000, 0x0000000757a00000|  0%| F|  |TAMS 0x0000000757800000, 0x0000000757800000| Untracked 
| 701|0x0000000757a00000, 0x0000000757a00000, 0x0000000757c00000|  0%| F|  |TAMS 0x0000000757a00000, 0x0000000757a00000| Untracked 
| 702|0x0000000757c00000, 0x0000000757c00000, 0x0000000757e00000|  0%| F|  |TAMS 0x0000000757c00000, 0x0000000757c00000| Untracked 
| 703|0x0000000757e00000, 0x0000000757e00000, 0x0000000758000000|  0%| F|  |TAMS 0x0000000757e00000, 0x0000000757e00000| Untracked 
| 704|0x0000000758000000, 0x0000000758000000, 0x0000000758200000|  0%| F|  |TAMS 0x0000000758000000, 0x0000000758000000| Untracked 
| 705|0x0000000758200000, 0x0000000758200000, 0x0000000758400000|  0%| F|  |TAMS 0x0000000758200000, 0x0000000758200000| Untracked 
| 706|0x0000000758400000, 0x0000000758400000, 0x0000000758600000|  0%| F|  |TAMS 0x0000000758400000, 0x0000000758400000| Untracked 
| 707|0x0000000758600000, 0x0000000758600000, 0x0000000758800000|  0%| F|  |TAMS 0x0000000758600000, 0x0000000758600000| Untracked 
| 708|0x0000000758800000, 0x0000000758800000, 0x0000000758a00000|  0%| F|  |TAMS 0x0000000758800000, 0x0000000758800000| Untracked 
| 709|0x0000000758a00000, 0x0000000758a00000, 0x0000000758c00000|  0%| F|  |TAMS 0x0000000758a00000, 0x0000000758a00000| Untracked 
| 710|0x0000000758c00000, 0x0000000758c00000, 0x0000000758e00000|  0%| F|  |TAMS 0x0000000758c00000, 0x0000000758c00000| Untracked 
| 711|0x0000000758e00000, 0x0000000758e00000, 0x0000000759000000|  0%| F|  |TAMS 0x0000000758e00000, 0x0000000758e00000| Untracked 
| 712|0x0000000759000000, 0x0000000759000000, 0x0000000759200000|  0%| F|  |TAMS 0x0000000759000000, 0x0000000759000000| Untracked 
| 713|0x0000000759200000, 0x0000000759200000, 0x0000000759400000|  0%| F|  |TAMS 0x0000000759200000, 0x0000000759200000| Untracked 
| 714|0x0000000759400000, 0x0000000759400000, 0x0000000759600000|  0%| F|  |TAMS 0x0000000759400000, 0x0000000759400000| Untracked 
| 715|0x0000000759600000, 0x0000000759600000, 0x0000000759800000|  0%| F|  |TAMS 0x0000000759600000, 0x0000000759600000| Untracked 
| 716|0x0000000759800000, 0x0000000759800000, 0x0000000759a00000|  0%| F|  |TAMS 0x0000000759800000, 0x0000000759800000| Untracked 
| 717|0x0000000759a00000, 0x0000000759a00000, 0x0000000759c00000|  0%| F|  |TAMS 0x0000000759a00000, 0x0000000759a00000| Untracked 
| 718|0x0000000759c00000, 0x0000000759c00000, 0x0000000759e00000|  0%| F|  |TAMS 0x0000000759c00000, 0x0000000759c00000| Untracked 
| 719|0x0000000759e00000, 0x0000000759e00000, 0x000000075a000000|  0%| F|  |TAMS 0x0000000759e00000, 0x0000000759e00000| Untracked 
| 720|0x000000075a000000, 0x000000075a000000, 0x000000075a200000|  0%| F|  |TAMS 0x000000075a000000, 0x000000075a000000| Untracked 
| 721|0x000000075a200000, 0x000000075a200000, 0x000000075a400000|  0%| F|  |TAMS 0x000000075a200000, 0x000000075a200000| Untracked 
| 722|0x000000075a400000, 0x000000075a400000, 0x000000075a600000|  0%| F|  |TAMS 0x000000075a400000, 0x000000075a400000| Untracked 
| 723|0x000000075a600000, 0x000000075a600000, 0x000000075a800000|  0%| F|  |TAMS 0x000000075a600000, 0x000000075a600000| Untracked 
| 724|0x000000075a800000, 0x000000075a800000, 0x000000075aa00000|  0%| F|  |TAMS 0x000000075a800000, 0x000000075a800000| Untracked 
| 725|0x000000075aa00000, 0x000000075aa00000, 0x000000075ac00000|  0%| F|  |TAMS 0x000000075aa00000, 0x000000075aa00000| Untracked 
| 726|0x000000075ac00000, 0x000000075ac00000, 0x000000075ae00000|  0%| F|  |TAMS 0x000000075ac00000, 0x000000075ac00000| Untracked 
| 727|0x000000075ae00000, 0x000000075ae00000, 0x000000075b000000|  0%| F|  |TAMS 0x000000075ae00000, 0x000000075ae00000| Untracked 
| 728|0x000000075b000000, 0x000000075b000000, 0x000000075b200000|  0%| F|  |TAMS 0x000000075b000000, 0x000000075b000000| Untracked 
| 729|0x000000075b200000, 0x000000075b200000, 0x000000075b400000|  0%| F|  |TAMS 0x000000075b200000, 0x000000075b200000| Untracked 
| 730|0x000000075b400000, 0x000000075b400000, 0x000000075b600000|  0%| F|  |TAMS 0x000000075b400000, 0x000000075b400000| Untracked 
| 731|0x000000075b600000, 0x000000075b600000, 0x000000075b800000|  0%| F|  |TAMS 0x000000075b600000, 0x000000075b600000| Untracked 
| 732|0x000000075b800000, 0x000000075b800000, 0x000000075ba00000|  0%| F|  |TAMS 0x000000075b800000, 0x000000075b800000| Untracked 
| 733|0x000000075ba00000, 0x000000075ba00000, 0x000000075bc00000|  0%| F|  |TAMS 0x000000075ba00000, 0x000000075ba00000| Untracked 
| 734|0x000000075bc00000, 0x000000075bc00000, 0x000000075be00000|  0%| F|  |TAMS 0x000000075bc00000, 0x000000075bc00000| Untracked 
| 735|0x000000075be00000, 0x000000075be00000, 0x000000075c000000|  0%| F|  |TAMS 0x000000075be00000, 0x000000075be00000| Untracked 
| 736|0x000000075c000000, 0x000000075c000000, 0x000000075c200000|  0%| F|  |TAMS 0x000000075c000000, 0x000000075c000000| Untracked 
| 737|0x000000075c200000, 0x000000075c200000, 0x000000075c400000|  0%| F|  |TAMS 0x000000075c200000, 0x000000075c200000| Untracked 
| 738|0x000000075c400000, 0x000000075c400000, 0x000000075c600000|  0%| F|  |TAMS 0x000000075c400000, 0x000000075c400000| Untracked 
| 739|0x000000075c600000, 0x000000075c600000, 0x000000075c800000|  0%| F|  |TAMS 0x000000075c600000, 0x000000075c600000| Untracked 
| 740|0x000000075c800000, 0x000000075c800000, 0x000000075ca00000|  0%| F|  |TAMS 0x000000075c800000, 0x000000075c800000| Untracked 
| 741|0x000000075ca00000, 0x000000075ca00000, 0x000000075cc00000|  0%| F|  |TAMS 0x000000075ca00000, 0x000000075ca00000| Untracked 
| 742|0x000000075cc00000, 0x000000075cc00000, 0x000000075ce00000|  0%| F|  |TAMS 0x000000075cc00000, 0x000000075cc00000| Untracked 
| 743|0x000000075ce00000, 0x000000075ce00000, 0x000000075d000000|  0%| F|  |TAMS 0x000000075ce00000, 0x000000075ce00000| Untracked 
| 744|0x000000075d000000, 0x000000075d000000, 0x000000075d200000|  0%| F|  |TAMS 0x000000075d000000, 0x000000075d000000| Untracked 
| 745|0x000000075d200000, 0x000000075d200000, 0x000000075d400000|  0%| F|  |TAMS 0x000000075d200000, 0x000000075d200000| Untracked 
| 746|0x000000075d400000, 0x000000075d400000, 0x000000075d600000|  0%| F|  |TAMS 0x000000075d400000, 0x000000075d400000| Untracked 
| 747|0x000000075d600000, 0x000000075d600000, 0x000000075d800000|  0%| F|  |TAMS 0x000000075d600000, 0x000000075d600000| Untracked 
| 748|0x000000075d800000, 0x000000075d800000, 0x000000075da00000|  0%| F|  |TAMS 0x000000075d800000, 0x000000075d800000| Untracked 
| 749|0x000000075da00000, 0x000000075da00000, 0x000000075dc00000|  0%| F|  |TAMS 0x000000075da00000, 0x000000075da00000| Untracked 
| 750|0x000000075dc00000, 0x000000075dc00000, 0x000000075de00000|  0%| F|  |TAMS 0x000000075dc00000, 0x000000075dc00000| Untracked 
| 751|0x000000075de00000, 0x000000075de00000, 0x000000075e000000|  0%| F|  |TAMS 0x000000075de00000, 0x000000075de00000| Untracked 
| 752|0x000000075e000000, 0x000000075e000000, 0x000000075e200000|  0%| F|  |TAMS 0x000000075e000000, 0x000000075e000000| Untracked 
| 753|0x000000075e200000, 0x000000075e200000, 0x000000075e400000|  0%| F|  |TAMS 0x000000075e200000, 0x000000075e200000| Untracked 
| 754|0x000000075e400000, 0x000000075e400000, 0x000000075e600000|  0%| F|  |TAMS 0x000000075e400000, 0x000000075e400000| Untracked 
| 755|0x000000075e600000, 0x000000075e600000, 0x000000075e800000|  0%| F|  |TAMS 0x000000075e600000, 0x000000075e600000| Untracked 
| 756|0x000000075e800000, 0x000000075e800000, 0x000000075ea00000|  0%| F|  |TAMS 0x000000075e800000, 0x000000075e800000| Untracked 
| 757|0x000000075ea00000, 0x000000075ea00000, 0x000000075ec00000|  0%| F|  |TAMS 0x000000075ea00000, 0x000000075ea00000| Untracked 
| 758|0x000000075ec00000, 0x000000075ec00000, 0x000000075ee00000|  0%| F|  |TAMS 0x000000075ec00000, 0x000000075ec00000| Untracked 
| 759|0x000000075ee00000, 0x000000075ee00000, 0x000000075f000000|  0%| F|  |TAMS 0x000000075ee00000, 0x000000075ee00000| Untracked 
| 760|0x000000075f000000, 0x000000075f000000, 0x000000075f200000|  0%| F|  |TAMS 0x000000075f000000, 0x000000075f000000| Untracked 
| 761|0x000000075f200000, 0x000000075f200000, 0x000000075f400000|  0%| F|  |TAMS 0x000000075f200000, 0x000000075f200000| Untracked 
| 762|0x000000075f400000, 0x000000075f400000, 0x000000075f600000|  0%| F|  |TAMS 0x000000075f400000, 0x000000075f400000| Untracked 
| 763|0x000000075f600000, 0x000000075f600000, 0x000000075f800000|  0%| F|  |TAMS 0x000000075f600000, 0x000000075f600000| Untracked 
| 764|0x000000075f800000, 0x000000075f800000, 0x000000075fa00000|  0%| F|  |TAMS 0x000000075f800000, 0x000000075f800000| Untracked 
| 765|0x000000075fa00000, 0x000000075fa00000, 0x000000075fc00000|  0%| F|  |TAMS 0x000000075fa00000, 0x000000075fa00000| Untracked 
| 766|0x000000075fc00000, 0x000000075fc00000, 0x000000075fe00000|  0%| F|  |TAMS 0x000000075fc00000, 0x000000075fc00000| Untracked 
| 767|0x000000075fe00000, 0x000000075fe00000, 0x0000000760000000|  0%| F|  |TAMS 0x000000075fe00000, 0x000000075fe00000| Untracked 
| 768|0x0000000760000000, 0x0000000760000000, 0x0000000760200000|  0%| F|  |TAMS 0x0000000760000000, 0x0000000760000000| Untracked 
| 769|0x0000000760200000, 0x0000000760200000, 0x0000000760400000|  0%| F|  |TAMS 0x0000000760200000, 0x0000000760200000| Untracked 
| 770|0x0000000760400000, 0x0000000760400000, 0x0000000760600000|  0%| F|  |TAMS 0x0000000760400000, 0x0000000760400000| Untracked 
| 771|0x0000000760600000, 0x0000000760600000, 0x0000000760800000|  0%| F|  |TAMS 0x0000000760600000, 0x0000000760600000| Untracked 
| 772|0x0000000760800000, 0x0000000760800000, 0x0000000760a00000|  0%| F|  |TAMS 0x0000000760800000, 0x0000000760800000| Untracked 
| 773|0x0000000760a00000, 0x0000000760a00000, 0x0000000760c00000|  0%| F|  |TAMS 0x0000000760a00000, 0x0000000760a00000| Untracked 
| 774|0x0000000760c00000, 0x0000000760c00000, 0x0000000760e00000|  0%| F|  |TAMS 0x0000000760c00000, 0x0000000760c00000| Untracked 
| 775|0x0000000760e00000, 0x0000000760e00000, 0x0000000761000000|  0%| F|  |TAMS 0x0000000760e00000, 0x0000000760e00000| Untracked 
| 776|0x0000000761000000, 0x0000000761000000, 0x0000000761200000|  0%| F|  |TAMS 0x0000000761000000, 0x0000000761000000| Untracked 
| 777|0x0000000761200000, 0x0000000761200000, 0x0000000761400000|  0%| F|  |TAMS 0x0000000761200000, 0x0000000761200000| Untracked 
| 778|0x0000000761400000, 0x0000000761400000, 0x0000000761600000|  0%| F|  |TAMS 0x0000000761400000, 0x0000000761400000| Untracked 
| 779|0x0000000761600000, 0x0000000761600000, 0x0000000761800000|  0%| F|  |TAMS 0x0000000761600000, 0x0000000761600000| Untracked 
| 780|0x0000000761800000, 0x0000000761800000, 0x0000000761a00000|  0%| F|  |TAMS 0x0000000761800000, 0x0000000761800000| Untracked 
| 781|0x0000000761a00000, 0x0000000761a00000, 0x0000000761c00000|  0%| F|  |TAMS 0x0000000761a00000, 0x0000000761a00000| Untracked 
| 782|0x0000000761c00000, 0x0000000761c00000, 0x0000000761e00000|  0%| F|  |TAMS 0x0000000761c00000, 0x0000000761c00000| Untracked 
| 783|0x0000000761e00000, 0x0000000761e00000, 0x0000000762000000|  0%| F|  |TAMS 0x0000000761e00000, 0x0000000761e00000| Untracked 
| 784|0x0000000762000000, 0x0000000762000000, 0x0000000762200000|  0%| F|  |TAMS 0x0000000762000000, 0x0000000762000000| Untracked 
| 785|0x0000000762200000, 0x0000000762200000, 0x0000000762400000|  0%| F|  |TAMS 0x0000000762200000, 0x0000000762200000| Untracked 
| 786|0x0000000762400000, 0x0000000762400000, 0x0000000762600000|  0%| F|  |TAMS 0x0000000762400000, 0x0000000762400000| Untracked 
| 787|0x0000000762600000, 0x0000000762600000, 0x0000000762800000|  0%| F|  |TAMS 0x0000000762600000, 0x0000000762600000| Untracked 
| 788|0x0000000762800000, 0x0000000762800000, 0x0000000762a00000|  0%| F|  |TAMS 0x0000000762800000, 0x0000000762800000| Untracked 
| 789|0x0000000762a00000, 0x0000000762a00000, 0x0000000762c00000|  0%| F|  |TAMS 0x0000000762a00000, 0x0000000762a00000| Untracked 
| 790|0x0000000762c00000, 0x0000000762c00000, 0x0000000762e00000|  0%| F|  |TAMS 0x0000000762c00000, 0x0000000762c00000| Untracked 
| 791|0x0000000762e00000, 0x0000000762e00000, 0x0000000763000000|  0%| F|  |TAMS 0x0000000762e00000, 0x0000000762e00000| Untracked 
| 792|0x0000000763000000, 0x0000000763000000, 0x0000000763200000|  0%| F|  |TAMS 0x0000000763000000, 0x0000000763000000| Untracked 
| 793|0x0000000763200000, 0x0000000763200000, 0x0000000763400000|  0%| F|  |TAMS 0x0000000763200000, 0x0000000763200000| Untracked 
| 794|0x0000000763400000, 0x0000000763400000, 0x0000000763600000|  0%| F|  |TAMS 0x0000000763400000, 0x0000000763400000| Untracked 
| 795|0x0000000763600000, 0x0000000763600000, 0x0000000763800000|  0%| F|  |TAMS 0x0000000763600000, 0x0000000763600000| Untracked 
| 796|0x0000000763800000, 0x0000000763800000, 0x0000000763a00000|  0%| F|  |TAMS 0x0000000763800000, 0x0000000763800000| Untracked 
| 797|0x0000000763a00000, 0x0000000763a00000, 0x0000000763c00000|  0%| F|  |TAMS 0x0000000763a00000, 0x0000000763a00000| Untracked 
| 798|0x0000000763c00000, 0x0000000763c00000, 0x0000000763e00000|  0%| F|  |TAMS 0x0000000763c00000, 0x0000000763c00000| Untracked 
| 799|0x0000000763e00000, 0x0000000763e00000, 0x0000000764000000|  0%| F|  |TAMS 0x0000000763e00000, 0x0000000763e00000| Untracked 
| 800|0x0000000764000000, 0x0000000764000000, 0x0000000764200000|  0%| F|  |TAMS 0x0000000764000000, 0x0000000764000000| Untracked 
| 801|0x0000000764200000, 0x0000000764200000, 0x0000000764400000|  0%| F|  |TAMS 0x0000000764200000, 0x0000000764200000| Untracked 
| 802|0x0000000764400000, 0x0000000764400000, 0x0000000764600000|  0%| F|  |TAMS 0x0000000764400000, 0x0000000764400000| Untracked 
| 803|0x0000000764600000, 0x0000000764600000, 0x0000000764800000|  0%| F|  |TAMS 0x0000000764600000, 0x0000000764600000| Untracked 
| 804|0x0000000764800000, 0x0000000764800000, 0x0000000764a00000|  0%| F|  |TAMS 0x0000000764800000, 0x0000000764800000| Untracked 
| 805|0x0000000764a00000, 0x0000000764a00000, 0x0000000764c00000|  0%| F|  |TAMS 0x0000000764a00000, 0x0000000764a00000| Untracked 
| 806|0x0000000764c00000, 0x0000000764c00000, 0x0000000764e00000|  0%| F|  |TAMS 0x0000000764c00000, 0x0000000764c00000| Untracked 
| 807|0x0000000764e00000, 0x0000000764e00000, 0x0000000765000000|  0%| F|  |TAMS 0x0000000764e00000, 0x0000000764e00000| Untracked 
| 808|0x0000000765000000, 0x0000000765000000, 0x0000000765200000|  0%| F|  |TAMS 0x0000000765000000, 0x0000000765000000| Untracked 
| 809|0x0000000765200000, 0x0000000765200000, 0x0000000765400000|  0%| F|  |TAMS 0x0000000765200000, 0x0000000765200000| Untracked 
| 810|0x0000000765400000, 0x0000000765400000, 0x0000000765600000|  0%| F|  |TAMS 0x0000000765400000, 0x0000000765400000| Untracked 
| 811|0x0000000765600000, 0x0000000765600000, 0x0000000765800000|  0%| F|  |TAMS 0x0000000765600000, 0x0000000765600000| Untracked 
| 812|0x0000000765800000, 0x0000000765800000, 0x0000000765a00000|  0%| F|  |TAMS 0x0000000765800000, 0x0000000765800000| Untracked 
| 813|0x0000000765a00000, 0x0000000765a00000, 0x0000000765c00000|  0%| F|  |TAMS 0x0000000765a00000, 0x0000000765a00000| Untracked 
| 814|0x0000000765c00000, 0x0000000765c00000, 0x0000000765e00000|  0%| F|  |TAMS 0x0000000765c00000, 0x0000000765c00000| Untracked 
| 815|0x0000000765e00000, 0x0000000765e00000, 0x0000000766000000|  0%| F|  |TAMS 0x0000000765e00000, 0x0000000765e00000| Untracked 
| 816|0x0000000766000000, 0x0000000766000000, 0x0000000766200000|  0%| F|  |TAMS 0x0000000766000000, 0x0000000766000000| Untracked 
| 817|0x0000000766200000, 0x0000000766200000, 0x0000000766400000|  0%| F|  |TAMS 0x0000000766200000, 0x0000000766200000| Untracked 
| 818|0x0000000766400000, 0x0000000766400000, 0x0000000766600000|  0%| F|  |TAMS 0x0000000766400000, 0x0000000766400000| Untracked 
| 819|0x0000000766600000, 0x0000000766600000, 0x0000000766800000|  0%| F|  |TAMS 0x0000000766600000, 0x0000000766600000| Untracked 
| 820|0x0000000766800000, 0x0000000766800000, 0x0000000766a00000|  0%| F|  |TAMS 0x0000000766800000, 0x0000000766800000| Untracked 
| 821|0x0000000766a00000, 0x0000000766a00000, 0x0000000766c00000|  0%| F|  |TAMS 0x0000000766a00000, 0x0000000766a00000| Untracked 
| 822|0x0000000766c00000, 0x0000000766c00000, 0x0000000766e00000|  0%| F|  |TAMS 0x0000000766c00000, 0x0000000766c00000| Untracked 
| 823|0x0000000766e00000, 0x0000000766e00000, 0x0000000767000000|  0%| F|  |TAMS 0x0000000766e00000, 0x0000000766e00000| Untracked 
| 824|0x0000000767000000, 0x0000000767000000, 0x0000000767200000|  0%| F|  |TAMS 0x0000000767000000, 0x0000000767000000| Untracked 
| 825|0x0000000767200000, 0x0000000767200000, 0x0000000767400000|  0%| F|  |TAMS 0x0000000767200000, 0x0000000767200000| Untracked 
| 826|0x0000000767400000, 0x0000000767400000, 0x0000000767600000|  0%| F|  |TAMS 0x0000000767400000, 0x0000000767400000| Untracked 
| 827|0x0000000767600000, 0x0000000767600000, 0x0000000767800000|  0%| F|  |TAMS 0x0000000767600000, 0x0000000767600000| Untracked 
| 828|0x0000000767800000, 0x0000000767800000, 0x0000000767a00000|  0%| F|  |TAMS 0x0000000767800000, 0x0000000767800000| Untracked 
| 829|0x0000000767a00000, 0x0000000767a00000, 0x0000000767c00000|  0%| F|  |TAMS 0x0000000767a00000, 0x0000000767a00000| Untracked 
| 830|0x0000000767c00000, 0x0000000767c00000, 0x0000000767e00000|  0%| F|  |TAMS 0x0000000767c00000, 0x0000000767c00000| Untracked 
| 831|0x0000000767e00000, 0x0000000767e00000, 0x0000000768000000|  0%| F|  |TAMS 0x0000000767e00000, 0x0000000767e00000| Untracked 
| 832|0x0000000768000000, 0x0000000768000000, 0x0000000768200000|  0%| F|  |TAMS 0x0000000768000000, 0x0000000768000000| Untracked 
| 833|0x0000000768200000, 0x0000000768200000, 0x0000000768400000|  0%| F|  |TAMS 0x0000000768200000, 0x0000000768200000| Untracked 
| 834|0x0000000768400000, 0x0000000768400000, 0x0000000768600000|  0%| F|  |TAMS 0x0000000768400000, 0x0000000768400000| Untracked 
| 835|0x0000000768600000, 0x0000000768600000, 0x0000000768800000|  0%| F|  |TAMS 0x0000000768600000, 0x0000000768600000| Untracked 
| 836|0x0000000768800000, 0x0000000768800000, 0x0000000768a00000|  0%| F|  |TAMS 0x0000000768800000, 0x0000000768800000| Untracked 
| 837|0x0000000768a00000, 0x0000000768a00000, 0x0000000768c00000|  0%| F|  |TAMS 0x0000000768a00000, 0x0000000768a00000| Untracked 
| 838|0x0000000768c00000, 0x0000000768c00000, 0x0000000768e00000|  0%| F|  |TAMS 0x0000000768c00000, 0x0000000768c00000| Untracked 
| 839|0x0000000768e00000, 0x0000000768e00000, 0x0000000769000000|  0%| F|  |TAMS 0x0000000768e00000, 0x0000000768e00000| Untracked 
| 840|0x0000000769000000, 0x0000000769000000, 0x0000000769200000|  0%| F|  |TAMS 0x0000000769000000, 0x0000000769000000| Untracked 
| 841|0x0000000769200000, 0x0000000769200000, 0x0000000769400000|  0%| F|  |TAMS 0x0000000769200000, 0x0000000769200000| Untracked 
| 842|0x0000000769400000, 0x0000000769400000, 0x0000000769600000|  0%| F|  |TAMS 0x0000000769400000, 0x0000000769400000| Untracked 
| 843|0x0000000769600000, 0x0000000769600000, 0x0000000769800000|  0%| F|  |TAMS 0x0000000769600000, 0x0000000769600000| Untracked 
| 844|0x0000000769800000, 0x0000000769800000, 0x0000000769a00000|  0%| F|  |TAMS 0x0000000769800000, 0x0000000769800000| Untracked 
| 845|0x0000000769a00000, 0x0000000769a00000, 0x0000000769c00000|  0%| F|  |TAMS 0x0000000769a00000, 0x0000000769a00000| Untracked 
| 846|0x0000000769c00000, 0x0000000769c00000, 0x0000000769e00000|  0%| F|  |TAMS 0x0000000769c00000, 0x0000000769c00000| Untracked 
| 847|0x0000000769e00000, 0x0000000769e00000, 0x000000076a000000|  0%| F|  |TAMS 0x0000000769e00000, 0x0000000769e00000| Untracked 
| 848|0x000000076a000000, 0x000000076a000000, 0x000000076a200000|  0%| F|  |TAMS 0x000000076a000000, 0x000000076a000000| Untracked 
| 849|0x000000076a200000, 0x000000076a200000, 0x000000076a400000|  0%| F|  |TAMS 0x000000076a200000, 0x000000076a200000| Untracked 
| 850|0x000000076a400000, 0x000000076a400000, 0x000000076a600000|  0%| F|  |TAMS 0x000000076a400000, 0x000000076a400000| Untracked 
| 851|0x000000076a600000, 0x000000076a600000, 0x000000076a800000|  0%| F|  |TAMS 0x000000076a600000, 0x000000076a600000| Untracked 
| 852|0x000000076a800000, 0x000000076a800000, 0x000000076aa00000|  0%| F|  |TAMS 0x000000076a800000, 0x000000076a800000| Untracked 
| 853|0x000000076aa00000, 0x000000076aa00000, 0x000000076ac00000|  0%| F|  |TAMS 0x000000076aa00000, 0x000000076aa00000| Untracked 
| 854|0x000000076ac00000, 0x000000076ac00000, 0x000000076ae00000|  0%| F|  |TAMS 0x000000076ac00000, 0x000000076ac00000| Untracked 
| 855|0x000000076ae00000, 0x000000076ae00000, 0x000000076b000000|  0%| F|  |TAMS 0x000000076ae00000, 0x000000076ae00000| Untracked 
| 856|0x000000076b000000, 0x000000076b000000, 0x000000076b200000|  0%| F|  |TAMS 0x000000076b000000, 0x000000076b000000| Untracked 
| 857|0x000000076b200000, 0x000000076b200000, 0x000000076b400000|  0%| F|  |TAMS 0x000000076b200000, 0x000000076b200000| Untracked 
| 858|0x000000076b400000, 0x000000076b400000, 0x000000076b600000|  0%| F|  |TAMS 0x000000076b400000, 0x000000076b400000| Untracked 
| 859|0x000000076b600000, 0x000000076b600000, 0x000000076b800000|  0%| F|  |TAMS 0x000000076b600000, 0x000000076b600000| Untracked 
| 860|0x000000076b800000, 0x000000076b800000, 0x000000076ba00000|  0%| F|  |TAMS 0x000000076b800000, 0x000000076b800000| Untracked 
| 861|0x000000076ba00000, 0x000000076ba00000, 0x000000076bc00000|  0%| F|  |TAMS 0x000000076ba00000, 0x000000076ba00000| Untracked 
| 862|0x000000076bc00000, 0x000000076bc00000, 0x000000076be00000|  0%| F|  |TAMS 0x000000076bc00000, 0x000000076bc00000| Untracked 
| 863|0x000000076be00000, 0x000000076be00000, 0x000000076c000000|  0%| F|  |TAMS 0x000000076be00000, 0x000000076be00000| Untracked 
| 864|0x000000076c000000, 0x000000076c000000, 0x000000076c200000|  0%| F|  |TAMS 0x000000076c000000, 0x000000076c000000| Untracked 
| 865|0x000000076c200000, 0x000000076c200000, 0x000000076c400000|  0%| F|  |TAMS 0x000000076c200000, 0x000000076c200000| Untracked 
| 866|0x000000076c400000, 0x000000076c400000, 0x000000076c600000|  0%| F|  |TAMS 0x000000076c400000, 0x000000076c400000| Untracked 
| 867|0x000000076c600000, 0x000000076c600000, 0x000000076c800000|  0%| F|  |TAMS 0x000000076c600000, 0x000000076c600000| Untracked 
| 868|0x000000076c800000, 0x000000076c800000, 0x000000076ca00000|  0%| F|  |TAMS 0x000000076c800000, 0x000000076c800000| Untracked 
| 869|0x000000076ca00000, 0x000000076ca00000, 0x000000076cc00000|  0%| F|  |TAMS 0x000000076ca00000, 0x000000076ca00000| Untracked 
| 870|0x000000076cc00000, 0x000000076cc00000, 0x000000076ce00000|  0%| F|  |TAMS 0x000000076cc00000, 0x000000076cc00000| Untracked 
| 871|0x000000076ce00000, 0x000000076ce00000, 0x000000076d000000|  0%| F|  |TAMS 0x000000076ce00000, 0x000000076ce00000| Untracked 
| 872|0x000000076d000000, 0x000000076d000000, 0x000000076d200000|  0%| F|  |TAMS 0x000000076d000000, 0x000000076d000000| Untracked 
| 873|0x000000076d200000, 0x000000076d200000, 0x000000076d400000|  0%| F|  |TAMS 0x000000076d200000, 0x000000076d200000| Untracked 
| 874|0x000000076d400000, 0x000000076d400000, 0x000000076d600000|  0%| F|  |TAMS 0x000000076d400000, 0x000000076d400000| Untracked 
| 875|0x000000076d600000, 0x000000076d600000, 0x000000076d800000|  0%| F|  |TAMS 0x000000076d600000, 0x000000076d600000| Untracked 
| 876|0x000000076d800000, 0x000000076d800000, 0x000000076da00000|  0%| F|  |TAMS 0x000000076d800000, 0x000000076d800000| Untracked 
| 877|0x000000076da00000, 0x000000076da00000, 0x000000076dc00000|  0%| F|  |TAMS 0x000000076da00000, 0x000000076da00000| Untracked 
| 878|0x000000076dc00000, 0x000000076dc00000, 0x000000076de00000|  0%| F|  |TAMS 0x000000076dc00000, 0x000000076dc00000| Untracked 
| 879|0x000000076de00000, 0x000000076de00000, 0x000000076e000000|  0%| F|  |TAMS 0x000000076de00000, 0x000000076de00000| Untracked 
| 880|0x000000076e000000, 0x000000076e000000, 0x000000076e200000|  0%| F|  |TAMS 0x000000076e000000, 0x000000076e000000| Untracked 
| 881|0x000000076e200000, 0x000000076e200000, 0x000000076e400000|  0%| F|  |TAMS 0x000000076e200000, 0x000000076e200000| Untracked 
| 882|0x000000076e400000, 0x000000076e400000, 0x000000076e600000|  0%| F|  |TAMS 0x000000076e400000, 0x000000076e400000| Untracked 
| 883|0x000000076e600000, 0x000000076e600000, 0x000000076e800000|  0%| F|  |TAMS 0x000000076e600000, 0x000000076e600000| Untracked 
| 884|0x000000076e800000, 0x000000076e800000, 0x000000076ea00000|  0%| F|  |TAMS 0x000000076e800000, 0x000000076e800000| Untracked 
| 885|0x000000076ea00000, 0x000000076ea00000, 0x000000076ec00000|  0%| F|  |TAMS 0x000000076ea00000, 0x000000076ea00000| Untracked 
| 886|0x000000076ec00000, 0x000000076ec00000, 0x000000076ee00000|  0%| F|  |TAMS 0x000000076ec00000, 0x000000076ec00000| Untracked 
| 887|0x000000076ee00000, 0x000000076ee00000, 0x000000076f000000|  0%| F|  |TAMS 0x000000076ee00000, 0x000000076ee00000| Untracked 
| 888|0x000000076f000000, 0x000000076f000000, 0x000000076f200000|  0%| F|  |TAMS 0x000000076f000000, 0x000000076f000000| Untracked 
| 889|0x000000076f200000, 0x000000076f200000, 0x000000076f400000|  0%| F|  |TAMS 0x000000076f200000, 0x000000076f200000| Untracked 
| 890|0x000000076f400000, 0x000000076f400000, 0x000000076f600000|  0%| F|  |TAMS 0x000000076f400000, 0x000000076f400000| Untracked 
| 891|0x000000076f600000, 0x000000076f600000, 0x000000076f800000|  0%| F|  |TAMS 0x000000076f600000, 0x000000076f600000| Untracked 
| 892|0x000000076f800000, 0x000000076f800000, 0x000000076fa00000|  0%| F|  |TAMS 0x000000076f800000, 0x000000076f800000| Untracked 
| 893|0x000000076fa00000, 0x000000076fa00000, 0x000000076fc00000|  0%| F|  |TAMS 0x000000076fa00000, 0x000000076fa00000| Untracked 
| 894|0x000000076fc00000, 0x000000076fc00000, 0x000000076fe00000|  0%| F|  |TAMS 0x000000076fc00000, 0x000000076fc00000| Untracked 
| 895|0x000000076fe00000, 0x000000076fe00000, 0x0000000770000000|  0%| F|  |TAMS 0x000000076fe00000, 0x000000076fe00000| Untracked 
| 896|0x0000000770000000, 0x0000000770000000, 0x0000000770200000|  0%| F|  |TAMS 0x0000000770000000, 0x0000000770000000| Untracked 
| 897|0x0000000770200000, 0x0000000770200000, 0x0000000770400000|  0%| F|  |TAMS 0x0000000770200000, 0x0000000770200000| Untracked 
| 898|0x0000000770400000, 0x0000000770400000, 0x0000000770600000|  0%| F|  |TAMS 0x0000000770400000, 0x0000000770400000| Untracked 
| 899|0x0000000770600000, 0x0000000770600000, 0x0000000770800000|  0%| F|  |TAMS 0x0000000770600000, 0x0000000770600000| Untracked 
| 900|0x0000000770800000, 0x0000000770800000, 0x0000000770a00000|  0%| F|  |TAMS 0x0000000770800000, 0x0000000770800000| Untracked 
| 901|0x0000000770a00000, 0x0000000770a00000, 0x0000000770c00000|  0%| F|  |TAMS 0x0000000770a00000, 0x0000000770a00000| Untracked 
| 902|0x0000000770c00000, 0x0000000770c00000, 0x0000000770e00000|  0%| F|  |TAMS 0x0000000770c00000, 0x0000000770c00000| Untracked 
| 903|0x0000000770e00000, 0x0000000770e00000, 0x0000000771000000|  0%| F|  |TAMS 0x0000000770e00000, 0x0000000770e00000| Untracked 
| 904|0x0000000771000000, 0x0000000771000000, 0x0000000771200000|  0%| F|  |TAMS 0x0000000771000000, 0x0000000771000000| Untracked 
| 905|0x0000000771200000, 0x0000000771200000, 0x0000000771400000|  0%| F|  |TAMS 0x0000000771200000, 0x0000000771200000| Untracked 
| 906|0x0000000771400000, 0x0000000771400000, 0x0000000771600000|  0%| F|  |TAMS 0x0000000771400000, 0x0000000771400000| Untracked 
| 907|0x0000000771600000, 0x0000000771600000, 0x0000000771800000|  0%| F|  |TAMS 0x0000000771600000, 0x0000000771600000| Untracked 
| 908|0x0000000771800000, 0x0000000771800000, 0x0000000771a00000|  0%| F|  |TAMS 0x0000000771800000, 0x0000000771800000| Untracked 
| 909|0x0000000771a00000, 0x0000000771a00000, 0x0000000771c00000|  0%| F|  |TAMS 0x0000000771a00000, 0x0000000771a00000| Untracked 
| 910|0x0000000771c00000, 0x0000000771c00000, 0x0000000771e00000|  0%| F|  |TAMS 0x0000000771c00000, 0x0000000771c00000| Untracked 
| 911|0x0000000771e00000, 0x0000000771e00000, 0x0000000772000000|  0%| F|  |TAMS 0x0000000771e00000, 0x0000000771e00000| Untracked 
| 912|0x0000000772000000, 0x0000000772000000, 0x0000000772200000|  0%| F|  |TAMS 0x0000000772000000, 0x0000000772000000| Untracked 
| 913|0x0000000772200000, 0x0000000772200000, 0x0000000772400000|  0%| F|  |TAMS 0x0000000772200000, 0x0000000772200000| Untracked 
| 914|0x0000000772400000, 0x0000000772400000, 0x0000000772600000|  0%| F|  |TAMS 0x0000000772400000, 0x0000000772400000| Untracked 
| 915|0x0000000772600000, 0x0000000772600000, 0x0000000772800000|  0%| F|  |TAMS 0x0000000772600000, 0x0000000772600000| Untracked 
| 916|0x0000000772800000, 0x0000000772800000, 0x0000000772a00000|  0%| F|  |TAMS 0x0000000772800000, 0x0000000772800000| Untracked 
| 917|0x0000000772a00000, 0x0000000772a00000, 0x0000000772c00000|  0%| F|  |TAMS 0x0000000772a00000, 0x0000000772a00000| Untracked 
| 918|0x0000000772c00000, 0x0000000772c00000, 0x0000000772e00000|  0%| F|  |TAMS 0x0000000772c00000, 0x0000000772c00000| Untracked 
| 919|0x0000000772e00000, 0x0000000772e00000, 0x0000000773000000|  0%| F|  |TAMS 0x0000000772e00000, 0x0000000772e00000| Untracked 
| 920|0x0000000773000000, 0x0000000773000000, 0x0000000773200000|  0%| F|  |TAMS 0x0000000773000000, 0x0000000773000000| Untracked 
| 921|0x0000000773200000, 0x0000000773200000, 0x0000000773400000|  0%| F|  |TAMS 0x0000000773200000, 0x0000000773200000| Untracked 
| 922|0x0000000773400000, 0x0000000773400000, 0x0000000773600000|  0%| F|  |TAMS 0x0000000773400000, 0x0000000773400000| Untracked 
| 923|0x0000000773600000, 0x0000000773600000, 0x0000000773800000|  0%| F|  |TAMS 0x0000000773600000, 0x0000000773600000| Untracked 
| 924|0x0000000773800000, 0x0000000773800000, 0x0000000773a00000|  0%| F|  |TAMS 0x0000000773800000, 0x0000000773800000| Untracked 
| 925|0x0000000773a00000, 0x0000000773a00000, 0x0000000773c00000|  0%| F|  |TAMS 0x0000000773a00000, 0x0000000773a00000| Untracked 
| 926|0x0000000773c00000, 0x0000000773c00000, 0x0000000773e00000|  0%| F|  |TAMS 0x0000000773c00000, 0x0000000773c00000| Untracked 
| 927|0x0000000773e00000, 0x0000000773e00000, 0x0000000774000000|  0%| F|  |TAMS 0x0000000773e00000, 0x0000000773e00000| Untracked 
| 928|0x0000000774000000, 0x0000000774000000, 0x0000000774200000|  0%| F|  |TAMS 0x0000000774000000, 0x0000000774000000| Untracked 
| 929|0x0000000774200000, 0x0000000774200000, 0x0000000774400000|  0%| F|  |TAMS 0x0000000774200000, 0x0000000774200000| Untracked 
| 930|0x0000000774400000, 0x0000000774400000, 0x0000000774600000|  0%| F|  |TAMS 0x0000000774400000, 0x0000000774400000| Untracked 
| 931|0x0000000774600000, 0x0000000774600000, 0x0000000774800000|  0%| F|  |TAMS 0x0000000774600000, 0x0000000774600000| Untracked 
| 932|0x0000000774800000, 0x0000000774800000, 0x0000000774a00000|  0%| F|  |TAMS 0x0000000774800000, 0x0000000774800000| Untracked 
| 933|0x0000000774a00000, 0x0000000774a00000, 0x0000000774c00000|  0%| F|  |TAMS 0x0000000774a00000, 0x0000000774a00000| Untracked 
| 934|0x0000000774c00000, 0x0000000774c00000, 0x0000000774e00000|  0%| F|  |TAMS 0x0000000774c00000, 0x0000000774c00000| Untracked 
| 935|0x0000000774e00000, 0x0000000774e00000, 0x0000000775000000|  0%| F|  |TAMS 0x0000000774e00000, 0x0000000774e00000| Untracked 
| 936|0x0000000775000000, 0x0000000775000000, 0x0000000775200000|  0%| F|  |TAMS 0x0000000775000000, 0x0000000775000000| Untracked 
| 937|0x0000000775200000, 0x0000000775200000, 0x0000000775400000|  0%| F|  |TAMS 0x0000000775200000, 0x0000000775200000| Untracked 
| 938|0x0000000775400000, 0x0000000775400000, 0x0000000775600000|  0%| F|  |TAMS 0x0000000775400000, 0x0000000775400000| Untracked 
| 939|0x0000000775600000, 0x0000000775600000, 0x0000000775800000|  0%| F|  |TAMS 0x0000000775600000, 0x0000000775600000| Untracked 
| 940|0x0000000775800000, 0x0000000775800000, 0x0000000775a00000|  0%| F|  |TAMS 0x0000000775800000, 0x0000000775800000| Untracked 
| 941|0x0000000775a00000, 0x0000000775a00000, 0x0000000775c00000|  0%| F|  |TAMS 0x0000000775a00000, 0x0000000775a00000| Untracked 
| 942|0x0000000775c00000, 0x0000000775c00000, 0x0000000775e00000|  0%| F|  |TAMS 0x0000000775c00000, 0x0000000775c00000| Untracked 
| 943|0x0000000775e00000, 0x0000000775e00000, 0x0000000776000000|  0%| F|  |TAMS 0x0000000775e00000, 0x0000000775e00000| Untracked 
| 944|0x0000000776000000, 0x0000000776000000, 0x0000000776200000|  0%| F|  |TAMS 0x0000000776000000, 0x0000000776000000| Untracked 
| 945|0x0000000776200000, 0x0000000776200000, 0x0000000776400000|  0%| F|  |TAMS 0x0000000776200000, 0x0000000776200000| Untracked 
| 946|0x0000000776400000, 0x0000000776400000, 0x0000000776600000|  0%| F|  |TAMS 0x0000000776400000, 0x0000000776400000| Untracked 
| 947|0x0000000776600000, 0x0000000776600000, 0x0000000776800000|  0%| F|  |TAMS 0x0000000776600000, 0x0000000776600000| Untracked 
| 948|0x0000000776800000, 0x0000000776800000, 0x0000000776a00000|  0%| F|  |TAMS 0x0000000776800000, 0x0000000776800000| Untracked 
| 949|0x0000000776a00000, 0x0000000776a00000, 0x0000000776c00000|  0%| F|  |TAMS 0x0000000776a00000, 0x0000000776a00000| Untracked 
| 950|0x0000000776c00000, 0x0000000776c00000, 0x0000000776e00000|  0%| F|  |TAMS 0x0000000776c00000, 0x0000000776c00000| Untracked 
| 951|0x0000000776e00000, 0x0000000776e00000, 0x0000000777000000|  0%| F|  |TAMS 0x0000000776e00000, 0x0000000776e00000| Untracked 
| 952|0x0000000777000000, 0x0000000777000000, 0x0000000777200000|  0%| F|  |TAMS 0x0000000777000000, 0x0000000777000000| Untracked 
| 953|0x0000000777200000, 0x0000000777200000, 0x0000000777400000|  0%| F|  |TAMS 0x0000000777200000, 0x0000000777200000| Untracked 
| 954|0x0000000777400000, 0x0000000777400000, 0x0000000777600000|  0%| F|  |TAMS 0x0000000777400000, 0x0000000777400000| Untracked 
| 955|0x0000000777600000, 0x0000000777600000, 0x0000000777800000|  0%| F|  |TAMS 0x0000000777600000, 0x0000000777600000| Untracked 
| 956|0x0000000777800000, 0x0000000777800000, 0x0000000777a00000|  0%| F|  |TAMS 0x0000000777800000, 0x0000000777800000| Untracked 
| 957|0x0000000777a00000, 0x0000000777a00000, 0x0000000777c00000|  0%| F|  |TAMS 0x0000000777a00000, 0x0000000777a00000| Untracked 
| 958|0x0000000777c00000, 0x0000000777c00000, 0x0000000777e00000|  0%| F|  |TAMS 0x0000000777c00000, 0x0000000777c00000| Untracked 
| 959|0x0000000777e00000, 0x0000000777e00000, 0x0000000778000000|  0%| F|  |TAMS 0x0000000777e00000, 0x0000000777e00000| Untracked 
| 960|0x0000000778000000, 0x0000000778000000, 0x0000000778200000|  0%| F|  |TAMS 0x0000000778000000, 0x0000000778000000| Untracked 
| 961|0x0000000778200000, 0x0000000778200000, 0x0000000778400000|  0%| F|  |TAMS 0x0000000778200000, 0x0000000778200000| Untracked 
| 962|0x0000000778400000, 0x0000000778400000, 0x0000000778600000|  0%| F|  |TAMS 0x0000000778400000, 0x0000000778400000| Untracked 
| 963|0x0000000778600000, 0x0000000778600000, 0x0000000778800000|  0%| F|  |TAMS 0x0000000778600000, 0x0000000778600000| Untracked 
| 964|0x0000000778800000, 0x0000000778800000, 0x0000000778a00000|  0%| F|  |TAMS 0x0000000778800000, 0x0000000778800000| Untracked 
| 965|0x0000000778a00000, 0x0000000778a00000, 0x0000000778c00000|  0%| F|  |TAMS 0x0000000778a00000, 0x0000000778a00000| Untracked 
| 966|0x0000000778c00000, 0x0000000778c00000, 0x0000000778e00000|  0%| F|  |TAMS 0x0000000778c00000, 0x0000000778c00000| Untracked 
| 967|0x0000000778e00000, 0x0000000778e00000, 0x0000000779000000|  0%| F|  |TAMS 0x0000000778e00000, 0x0000000778e00000| Untracked 
| 968|0x0000000779000000, 0x0000000779000000, 0x0000000779200000|  0%| F|  |TAMS 0x0000000779000000, 0x0000000779000000| Untracked 
| 969|0x0000000779200000, 0x0000000779200000, 0x0000000779400000|  0%| F|  |TAMS 0x0000000779200000, 0x0000000779200000| Untracked 
| 970|0x0000000779400000, 0x0000000779400000, 0x0000000779600000|  0%| F|  |TAMS 0x0000000779400000, 0x0000000779400000| Untracked 
| 971|0x0000000779600000, 0x0000000779600000, 0x0000000779800000|  0%| F|  |TAMS 0x0000000779600000, 0x0000000779600000| Untracked 
| 972|0x0000000779800000, 0x0000000779800000, 0x0000000779a00000|  0%| F|  |TAMS 0x0000000779800000, 0x0000000779800000| Untracked 
| 973|0x0000000779a00000, 0x0000000779a00000, 0x0000000779c00000|  0%| F|  |TAMS 0x0000000779a00000, 0x0000000779a00000| Untracked 
| 974|0x0000000779c00000, 0x0000000779c00000, 0x0000000779e00000|  0%| F|  |TAMS 0x0000000779c00000, 0x0000000779c00000| Untracked 
| 975|0x0000000779e00000, 0x0000000779e00000, 0x000000077a000000|  0%| F|  |TAMS 0x0000000779e00000, 0x0000000779e00000| Untracked 
| 976|0x000000077a000000, 0x000000077a000000, 0x000000077a200000|  0%| F|  |TAMS 0x000000077a000000, 0x000000077a000000| Untracked 
| 977|0x000000077a200000, 0x000000077a200000, 0x000000077a400000|  0%| F|  |TAMS 0x000000077a200000, 0x000000077a200000| Untracked 
| 978|0x000000077a400000, 0x000000077a400000, 0x000000077a600000|  0%| F|  |TAMS 0x000000077a400000, 0x000000077a400000| Untracked 
| 979|0x000000077a600000, 0x000000077a600000, 0x000000077a800000|  0%| F|  |TAMS 0x000000077a600000, 0x000000077a600000| Untracked 
| 980|0x000000077a800000, 0x000000077a800000, 0x000000077aa00000|  0%| F|  |TAMS 0x000000077a800000, 0x000000077a800000| Untracked 
| 981|0x000000077aa00000, 0x000000077aa00000, 0x000000077ac00000|  0%| F|  |TAMS 0x000000077aa00000, 0x000000077aa00000| Untracked 
| 982|0x000000077ac00000, 0x000000077ac00000, 0x000000077ae00000|  0%| F|  |TAMS 0x000000077ac00000, 0x000000077ac00000| Untracked 
| 983|0x000000077ae00000, 0x000000077ae00000, 0x000000077b000000|  0%| F|  |TAMS 0x000000077ae00000, 0x000000077ae00000| Untracked 
| 984|0x000000077b000000, 0x000000077b000000, 0x000000077b200000|  0%| F|  |TAMS 0x000000077b000000, 0x000000077b000000| Untracked 
| 985|0x000000077b200000, 0x000000077b200000, 0x000000077b400000|  0%| F|  |TAMS 0x000000077b200000, 0x000000077b200000| Untracked 
| 986|0x000000077b400000, 0x000000077b400000, 0x000000077b600000|  0%| F|  |TAMS 0x000000077b400000, 0x000000077b400000| Untracked 
| 987|0x000000077b600000, 0x000000077b600000, 0x000000077b800000|  0%| F|  |TAMS 0x000000077b600000, 0x000000077b600000| Untracked 
| 988|0x000000077b800000, 0x000000077b800000, 0x000000077ba00000|  0%| F|  |TAMS 0x000000077b800000, 0x000000077b800000| Untracked 
| 989|0x000000077ba00000, 0x000000077ba00000, 0x000000077bc00000|  0%| F|  |TAMS 0x000000077ba00000, 0x000000077ba00000| Untracked 
| 990|0x000000077bc00000, 0x000000077bc00000, 0x000000077be00000|  0%| F|  |TAMS 0x000000077bc00000, 0x000000077bc00000| Untracked 
| 991|0x000000077be00000, 0x000000077be00000, 0x000000077c000000|  0%| F|  |TAMS 0x000000077be00000, 0x000000077be00000| Untracked 
| 992|0x000000077c000000, 0x000000077c000000, 0x000000077c200000|  0%| F|  |TAMS 0x000000077c000000, 0x000000077c000000| Untracked 
| 993|0x000000077c200000, 0x000000077c200000, 0x000000077c400000|  0%| F|  |TAMS 0x000000077c200000, 0x000000077c200000| Untracked 
| 994|0x000000077c400000, 0x000000077c400000, 0x000000077c600000|  0%| F|  |TAMS 0x000000077c400000, 0x000000077c400000| Untracked 
| 995|0x000000077c600000, 0x000000077c600000, 0x000000077c800000|  0%| F|  |TAMS 0x000000077c600000, 0x000000077c600000| Untracked 
| 996|0x000000077c800000, 0x000000077c800000, 0x000000077ca00000|  0%| F|  |TAMS 0x000000077c800000, 0x000000077c800000| Untracked 
| 997|0x000000077ca00000, 0x000000077ca00000, 0x000000077cc00000|  0%| F|  |TAMS 0x000000077ca00000, 0x000000077ca00000| Untracked 
| 998|0x000000077cc00000, 0x000000077cc00000, 0x000000077ce00000|  0%| F|  |TAMS 0x000000077cc00000, 0x000000077cc00000| Untracked 
| 999|0x000000077ce00000, 0x000000077ce00000, 0x000000077d000000|  0%| F|  |TAMS 0x000000077ce00000, 0x000000077ce00000| Untracked 
|1000|0x000000077d000000, 0x000000077d000000, 0x000000077d200000|  0%| F|  |TAMS 0x000000077d000000, 0x000000077d000000| Untracked 
|1001|0x000000077d200000, 0x000000077d200000, 0x000000077d400000|  0%| F|  |TAMS 0x000000077d200000, 0x000000077d200000| Untracked 
|1002|0x000000077d400000, 0x000000077d400000, 0x000000077d600000|  0%| F|  |TAMS 0x000000077d400000, 0x000000077d400000| Untracked 
|1003|0x000000077d600000, 0x000000077d600000, 0x000000077d800000|  0%| F|  |TAMS 0x000000077d600000, 0x000000077d600000| Untracked 
|1004|0x000000077d800000, 0x000000077d800000, 0x000000077da00000|  0%| F|  |TAMS 0x000000077d800000, 0x000000077d800000| Untracked 
|1005|0x000000077da00000, 0x000000077da00000, 0x000000077dc00000|  0%| F|  |TAMS 0x000000077da00000, 0x000000077da00000| Untracked 
|1006|0x000000077dc00000, 0x000000077dc00000, 0x000000077de00000|  0%| F|  |TAMS 0x000000077dc00000, 0x000000077dc00000| Untracked 
|1007|0x000000077de00000, 0x000000077de00000, 0x000000077e000000|  0%| F|  |TAMS 0x000000077de00000, 0x000000077de00000| Untracked 
|1008|0x000000077e000000, 0x000000077e000000, 0x000000077e200000|  0%| F|  |TAMS 0x000000077e000000, 0x000000077e000000| Untracked 
|1009|0x000000077e200000, 0x000000077e200000, 0x000000077e400000|  0%| F|  |TAMS 0x000000077e200000, 0x000000077e200000| Untracked 
|1010|0x000000077e400000, 0x000000077e400000, 0x000000077e600000|  0%| F|  |TAMS 0x000000077e400000, 0x000000077e400000| Untracked 
|1011|0x000000077e600000, 0x000000077e600000, 0x000000077e800000|  0%| F|  |TAMS 0x000000077e600000, 0x000000077e600000| Untracked 
|1012|0x000000077e800000, 0x000000077e800000, 0x000000077ea00000|  0%| F|  |TAMS 0x000000077e800000, 0x000000077e800000| Untracked 
|1013|0x000000077ea00000, 0x000000077ea00000, 0x000000077ec00000|  0%| F|  |TAMS 0x000000077ea00000, 0x000000077ea00000| Untracked 
|1014|0x000000077ec00000, 0x000000077ec00000, 0x000000077ee00000|  0%| F|  |TAMS 0x000000077ec00000, 0x000000077ec00000| Untracked 
|1015|0x000000077ee00000, 0x000000077ee00000, 0x000000077f000000|  0%| F|  |TAMS 0x000000077ee00000, 0x000000077ee00000| Untracked 
|1016|0x000000077f000000, 0x000000077f000000, 0x000000077f200000|  0%| F|  |TAMS 0x000000077f000000, 0x000000077f000000| Untracked 
|1017|0x000000077f200000, 0x000000077f200000, 0x000000077f400000|  0%| F|  |TAMS 0x000000077f200000, 0x000000077f200000| Untracked 
|1018|0x000000077f400000, 0x000000077f400000, 0x000000077f600000|  0%| F|  |TAMS 0x000000077f400000, 0x000000077f400000| Untracked 
|1019|0x000000077f600000, 0x000000077f600000, 0x000000077f800000|  0%| F|  |TAMS 0x000000077f600000, 0x000000077f600000| Untracked 
|1020|0x000000077f800000, 0x000000077f800000, 0x000000077fa00000|  0%| F|  |TAMS 0x000000077f800000, 0x000000077f800000| Untracked 
|1021|0x000000077fa00000, 0x000000077fa00000, 0x000000077fc00000|  0%| F|  |TAMS 0x000000077fa00000, 0x000000077fa00000| Untracked 
|1022|0x000000077fc00000, 0x000000077fc00000, 0x000000077fe00000|  0%| F|  |TAMS 0x000000077fc00000, 0x000000077fc00000| Untracked 
|1023|0x000000077fe00000, 0x000000077fe00000, 0x0000000780000000|  0%| F|  |TAMS 0x000000077fe00000, 0x000000077fe00000| Untracked 
|1024|0x0000000780000000, 0x0000000780000000, 0x0000000780200000|  0%| F|  |TAMS 0x0000000780000000, 0x0000000780000000| Untracked 
|1025|0x0000000780200000, 0x0000000780200000, 0x0000000780400000|  0%| F|  |TAMS 0x0000000780200000, 0x0000000780200000| Untracked 
|1026|0x0000000780400000, 0x0000000780400000, 0x0000000780600000|  0%| F|  |TAMS 0x0000000780400000, 0x0000000780400000| Untracked 
|1027|0x0000000780600000, 0x0000000780600000, 0x0000000780800000|  0%| F|  |TAMS 0x0000000780600000, 0x0000000780600000| Untracked 
|1028|0x0000000780800000, 0x0000000780800000, 0x0000000780a00000|  0%| F|  |TAMS 0x0000000780800000, 0x0000000780800000| Untracked 
|1029|0x0000000780a00000, 0x0000000780a00000, 0x0000000780c00000|  0%| F|  |TAMS 0x0000000780a00000, 0x0000000780a00000| Untracked 
|1030|0x0000000780c00000, 0x0000000780c00000, 0x0000000780e00000|  0%| F|  |TAMS 0x0000000780c00000, 0x0000000780c00000| Untracked 
|1031|0x0000000780e00000, 0x0000000780e00000, 0x0000000781000000|  0%| F|  |TAMS 0x0000000780e00000, 0x0000000780e00000| Untracked 
|1032|0x0000000781000000, 0x0000000781000000, 0x0000000781200000|  0%| F|  |TAMS 0x0000000781000000, 0x0000000781000000| Untracked 
|1033|0x0000000781200000, 0x0000000781200000, 0x0000000781400000|  0%| F|  |TAMS 0x0000000781200000, 0x0000000781200000| Untracked 
|1034|0x0000000781400000, 0x0000000781400000, 0x0000000781600000|  0%| F|  |TAMS 0x0000000781400000, 0x0000000781400000| Untracked 
|1035|0x0000000781600000, 0x0000000781600000, 0x0000000781800000|  0%| F|  |TAMS 0x0000000781600000, 0x0000000781600000| Untracked 
|1036|0x0000000781800000, 0x0000000781800000, 0x0000000781a00000|  0%| F|  |TAMS 0x0000000781800000, 0x0000000781800000| Untracked 
|1037|0x0000000781a00000, 0x0000000781a00000, 0x0000000781c00000|  0%| F|  |TAMS 0x0000000781a00000, 0x0000000781a00000| Untracked 
|1038|0x0000000781c00000, 0x0000000781c00000, 0x0000000781e00000|  0%| F|  |TAMS 0x0000000781c00000, 0x0000000781c00000| Untracked 
|1039|0x0000000781e00000, 0x0000000781e00000, 0x0000000782000000|  0%| F|  |TAMS 0x0000000781e00000, 0x0000000781e00000| Untracked 
|1040|0x0000000782000000, 0x0000000782000000, 0x0000000782200000|  0%| F|  |TAMS 0x0000000782000000, 0x0000000782000000| Untracked 
|1041|0x0000000782200000, 0x0000000782200000, 0x0000000782400000|  0%| F|  |TAMS 0x0000000782200000, 0x0000000782200000| Untracked 
|1042|0x0000000782400000, 0x0000000782400000, 0x0000000782600000|  0%| F|  |TAMS 0x0000000782400000, 0x0000000782400000| Untracked 
|1043|0x0000000782600000, 0x0000000782600000, 0x0000000782800000|  0%| F|  |TAMS 0x0000000782600000, 0x0000000782600000| Untracked 
|1044|0x0000000782800000, 0x0000000782800000, 0x0000000782a00000|  0%| F|  |TAMS 0x0000000782800000, 0x0000000782800000| Untracked 
|1045|0x0000000782a00000, 0x0000000782a00000, 0x0000000782c00000|  0%| F|  |TAMS 0x0000000782a00000, 0x0000000782a00000| Untracked 
|1046|0x0000000782c00000, 0x0000000782c00000, 0x0000000782e00000|  0%| F|  |TAMS 0x0000000782c00000, 0x0000000782c00000| Untracked 
|1047|0x0000000782e00000, 0x0000000782e00000, 0x0000000783000000|  0%| F|  |TAMS 0x0000000782e00000, 0x0000000782e00000| Untracked 
|1048|0x0000000783000000, 0x0000000783000000, 0x0000000783200000|  0%| F|  |TAMS 0x0000000783000000, 0x0000000783000000| Untracked 
|1049|0x0000000783200000, 0x0000000783200000, 0x0000000783400000|  0%| F|  |TAMS 0x0000000783200000, 0x0000000783200000| Untracked 
|1050|0x0000000783400000, 0x0000000783400000, 0x0000000783600000|  0%| F|  |TAMS 0x0000000783400000, 0x0000000783400000| Untracked 
|1051|0x0000000783600000, 0x0000000783600000, 0x0000000783800000|  0%| F|  |TAMS 0x0000000783600000, 0x0000000783600000| Untracked 
|1052|0x0000000783800000, 0x0000000783800000, 0x0000000783a00000|  0%| F|  |TAMS 0x0000000783800000, 0x0000000783800000| Untracked 
|1053|0x0000000783a00000, 0x0000000783a00000, 0x0000000783c00000|  0%| F|  |TAMS 0x0000000783a00000, 0x0000000783a00000| Untracked 
|1054|0x0000000783c00000, 0x0000000783c00000, 0x0000000783e00000|  0%| F|  |TAMS 0x0000000783c00000, 0x0000000783c00000| Untracked 
|1055|0x0000000783e00000, 0x0000000783e00000, 0x0000000784000000|  0%| F|  |TAMS 0x0000000783e00000, 0x0000000783e00000| Untracked 
|1056|0x0000000784000000, 0x0000000784000000, 0x0000000784200000|  0%| F|  |TAMS 0x0000000784000000, 0x0000000784000000| Untracked 
|1057|0x0000000784200000, 0x0000000784200000, 0x0000000784400000|  0%| F|  |TAMS 0x0000000784200000, 0x0000000784200000| Untracked 
|1058|0x0000000784400000, 0x0000000784400000, 0x0000000784600000|  0%| F|  |TAMS 0x0000000784400000, 0x0000000784400000| Untracked 
|1059|0x0000000784600000, 0x0000000784600000, 0x0000000784800000|  0%| F|  |TAMS 0x0000000784600000, 0x0000000784600000| Untracked 
|1060|0x0000000784800000, 0x0000000784800000, 0x0000000784a00000|  0%| F|  |TAMS 0x0000000784800000, 0x0000000784800000| Untracked 
|1061|0x0000000784a00000, 0x0000000784a00000, 0x0000000784c00000|  0%| F|  |TAMS 0x0000000784a00000, 0x0000000784a00000| Untracked 
|1062|0x0000000784c00000, 0x0000000784c00000, 0x0000000784e00000|  0%| F|  |TAMS 0x0000000784c00000, 0x0000000784c00000| Untracked 
|1063|0x0000000784e00000, 0x0000000784e00000, 0x0000000785000000|  0%| F|  |TAMS 0x0000000784e00000, 0x0000000784e00000| Untracked 
|1064|0x0000000785000000, 0x0000000785000000, 0x0000000785200000|  0%| F|  |TAMS 0x0000000785000000, 0x0000000785000000| Untracked 
|1065|0x0000000785200000, 0x0000000785200000, 0x0000000785400000|  0%| F|  |TAMS 0x0000000785200000, 0x0000000785200000| Untracked 
|1066|0x0000000785400000, 0x0000000785400000, 0x0000000785600000|  0%| F|  |TAMS 0x0000000785400000, 0x0000000785400000| Untracked 
|1067|0x0000000785600000, 0x0000000785600000, 0x0000000785800000|  0%| F|  |TAMS 0x0000000785600000, 0x0000000785600000| Untracked 
|1068|0x0000000785800000, 0x0000000785800000, 0x0000000785a00000|  0%| F|  |TAMS 0x0000000785800000, 0x0000000785800000| Untracked 
|1069|0x0000000785a00000, 0x0000000785a00000, 0x0000000785c00000|  0%| F|  |TAMS 0x0000000785a00000, 0x0000000785a00000| Untracked 
|1070|0x0000000785c00000, 0x0000000785c00000, 0x0000000785e00000|  0%| F|  |TAMS 0x0000000785c00000, 0x0000000785c00000| Untracked 
|1071|0x0000000785e00000, 0x0000000785e00000, 0x0000000786000000|  0%| F|  |TAMS 0x0000000785e00000, 0x0000000785e00000| Untracked 
|1072|0x0000000786000000, 0x0000000786000000, 0x0000000786200000|  0%| F|  |TAMS 0x0000000786000000, 0x0000000786000000| Untracked 
|1073|0x0000000786200000, 0x0000000786200000, 0x0000000786400000|  0%| F|  |TAMS 0x0000000786200000, 0x0000000786200000| Untracked 
|1074|0x0000000786400000, 0x0000000786400000, 0x0000000786600000|  0%| F|  |TAMS 0x0000000786400000, 0x0000000786400000| Untracked 
|1075|0x0000000786600000, 0x0000000786600000, 0x0000000786800000|  0%| F|  |TAMS 0x0000000786600000, 0x0000000786600000| Untracked 
|1076|0x0000000786800000, 0x0000000786800000, 0x0000000786a00000|  0%| F|  |TAMS 0x0000000786800000, 0x0000000786800000| Untracked 
|1077|0x0000000786a00000, 0x0000000786a00000, 0x0000000786c00000|  0%| F|  |TAMS 0x0000000786a00000, 0x0000000786a00000| Untracked 
|1078|0x0000000786c00000, 0x0000000786c00000, 0x0000000786e00000|  0%| F|  |TAMS 0x0000000786c00000, 0x0000000786c00000| Untracked 
|1079|0x0000000786e00000, 0x0000000786e00000, 0x0000000787000000|  0%| F|  |TAMS 0x0000000786e00000, 0x0000000786e00000| Untracked 
|1080|0x0000000787000000, 0x0000000787000000, 0x0000000787200000|  0%| F|  |TAMS 0x0000000787000000, 0x0000000787000000| Untracked 
|1081|0x0000000787200000, 0x0000000787200000, 0x0000000787400000|  0%| F|  |TAMS 0x0000000787200000, 0x0000000787200000| Untracked 
|1082|0x0000000787400000, 0x0000000787400000, 0x0000000787600000|  0%| F|  |TAMS 0x0000000787400000, 0x0000000787400000| Untracked 
|1083|0x0000000787600000, 0x0000000787600000, 0x0000000787800000|  0%| F|  |TAMS 0x0000000787600000, 0x0000000787600000| Untracked 
|1084|0x0000000787800000, 0x0000000787800000, 0x0000000787a00000|  0%| F|  |TAMS 0x0000000787800000, 0x0000000787800000| Untracked 
|1085|0x0000000787a00000, 0x0000000787a00000, 0x0000000787c00000|  0%| F|  |TAMS 0x0000000787a00000, 0x0000000787a00000| Untracked 
|1086|0x0000000787c00000, 0x0000000787c00000, 0x0000000787e00000|  0%| F|  |TAMS 0x0000000787c00000, 0x0000000787c00000| Untracked 
|1087|0x0000000787e00000, 0x0000000787e00000, 0x0000000788000000|  0%| F|  |TAMS 0x0000000787e00000, 0x0000000787e00000| Untracked 
|1088|0x0000000788000000, 0x0000000788000000, 0x0000000788200000|  0%| F|  |TAMS 0x0000000788000000, 0x0000000788000000| Untracked 
|1089|0x0000000788200000, 0x0000000788200000, 0x0000000788400000|  0%| F|  |TAMS 0x0000000788200000, 0x0000000788200000| Untracked 
|1090|0x0000000788400000, 0x0000000788400000, 0x0000000788600000|  0%| F|  |TAMS 0x0000000788400000, 0x0000000788400000| Untracked 
|1091|0x0000000788600000, 0x0000000788600000, 0x0000000788800000|  0%| F|  |TAMS 0x0000000788600000, 0x0000000788600000| Untracked 
|1092|0x0000000788800000, 0x0000000788800000, 0x0000000788a00000|  0%| F|  |TAMS 0x0000000788800000, 0x0000000788800000| Untracked 
|1093|0x0000000788a00000, 0x0000000788a00000, 0x0000000788c00000|  0%| F|  |TAMS 0x0000000788a00000, 0x0000000788a00000| Untracked 
|1094|0x0000000788c00000, 0x0000000788c00000, 0x0000000788e00000|  0%| F|  |TAMS 0x0000000788c00000, 0x0000000788c00000| Untracked 
|1095|0x0000000788e00000, 0x0000000788e00000, 0x0000000789000000|  0%| F|  |TAMS 0x0000000788e00000, 0x0000000788e00000| Untracked 
|1096|0x0000000789000000, 0x0000000789000000, 0x0000000789200000|  0%| F|  |TAMS 0x0000000789000000, 0x0000000789000000| Untracked 
|1097|0x0000000789200000, 0x0000000789200000, 0x0000000789400000|  0%| F|  |TAMS 0x0000000789200000, 0x0000000789200000| Untracked 
|1098|0x0000000789400000, 0x0000000789400000, 0x0000000789600000|  0%| F|  |TAMS 0x0000000789400000, 0x0000000789400000| Untracked 
|1099|0x0000000789600000, 0x0000000789600000, 0x0000000789800000|  0%| F|  |TAMS 0x0000000789600000, 0x0000000789600000| Untracked 
|1100|0x0000000789800000, 0x0000000789800000, 0x0000000789a00000|  0%| F|  |TAMS 0x0000000789800000, 0x0000000789800000| Untracked 
|1101|0x0000000789a00000, 0x0000000789a00000, 0x0000000789c00000|  0%| F|  |TAMS 0x0000000789a00000, 0x0000000789a00000| Untracked 
|1102|0x0000000789c00000, 0x0000000789c00000, 0x0000000789e00000|  0%| F|  |TAMS 0x0000000789c00000, 0x0000000789c00000| Untracked 
|1103|0x0000000789e00000, 0x0000000789e00000, 0x000000078a000000|  0%| F|  |TAMS 0x0000000789e00000, 0x0000000789e00000| Untracked 
|1104|0x000000078a000000, 0x000000078a000000, 0x000000078a200000|  0%| F|  |TAMS 0x000000078a000000, 0x000000078a000000| Untracked 
|1105|0x000000078a200000, 0x000000078a200000, 0x000000078a400000|  0%| F|  |TAMS 0x000000078a200000, 0x000000078a200000| Untracked 
|1106|0x000000078a400000, 0x000000078a400000, 0x000000078a600000|  0%| F|  |TAMS 0x000000078a400000, 0x000000078a400000| Untracked 
|1107|0x000000078a600000, 0x000000078a600000, 0x000000078a800000|  0%| F|  |TAMS 0x000000078a600000, 0x000000078a600000| Untracked 
|1108|0x000000078a800000, 0x000000078a800000, 0x000000078aa00000|  0%| F|  |TAMS 0x000000078a800000, 0x000000078a800000| Untracked 
|1109|0x000000078aa00000, 0x000000078aa00000, 0x000000078ac00000|  0%| F|  |TAMS 0x000000078aa00000, 0x000000078aa00000| Untracked 
|1110|0x000000078ac00000, 0x000000078ac00000, 0x000000078ae00000|  0%| F|  |TAMS 0x000000078ac00000, 0x000000078ac00000| Untracked 
|1111|0x000000078ae00000, 0x000000078ae00000, 0x000000078b000000|  0%| F|  |TAMS 0x000000078ae00000, 0x000000078ae00000| Untracked 
|1112|0x000000078b000000, 0x000000078b000000, 0x000000078b200000|  0%| F|  |TAMS 0x000000078b000000, 0x000000078b000000| Untracked 
|1113|0x000000078b200000, 0x000000078b200000, 0x000000078b400000|  0%| F|  |TAMS 0x000000078b200000, 0x000000078b200000| Untracked 
|1114|0x000000078b400000, 0x000000078b400000, 0x000000078b600000|  0%| F|  |TAMS 0x000000078b400000, 0x000000078b400000| Untracked 
|1115|0x000000078b600000, 0x000000078b600000, 0x000000078b800000|  0%| F|  |TAMS 0x000000078b600000, 0x000000078b600000| Untracked 
|1116|0x000000078b800000, 0x000000078b800000, 0x000000078ba00000|  0%| F|  |TAMS 0x000000078b800000, 0x000000078b800000| Untracked 
|1117|0x000000078ba00000, 0x000000078ba00000, 0x000000078bc00000|  0%| F|  |TAMS 0x000000078ba00000, 0x000000078ba00000| Untracked 
|1118|0x000000078bc00000, 0x000000078bc00000, 0x000000078be00000|  0%| F|  |TAMS 0x000000078bc00000, 0x000000078bc00000| Untracked 
|1119|0x000000078be00000, 0x000000078be00000, 0x000000078c000000|  0%| F|  |TAMS 0x000000078be00000, 0x000000078be00000| Untracked 
|1120|0x000000078c000000, 0x000000078c000000, 0x000000078c200000|  0%| F|  |TAMS 0x000000078c000000, 0x000000078c000000| Untracked 
|1121|0x000000078c200000, 0x000000078c200000, 0x000000078c400000|  0%| F|  |TAMS 0x000000078c200000, 0x000000078c200000| Untracked 
|1122|0x000000078c400000, 0x000000078c400000, 0x000000078c600000|  0%| F|  |TAMS 0x000000078c400000, 0x000000078c400000| Untracked 
|1123|0x000000078c600000, 0x000000078c600000, 0x000000078c800000|  0%| F|  |TAMS 0x000000078c600000, 0x000000078c600000| Untracked 
|1124|0x000000078c800000, 0x000000078c800000, 0x000000078ca00000|  0%| F|  |TAMS 0x000000078c800000, 0x000000078c800000| Untracked 
|1125|0x000000078ca00000, 0x000000078ca00000, 0x000000078cc00000|  0%| F|  |TAMS 0x000000078ca00000, 0x000000078ca00000| Untracked 
|1126|0x000000078cc00000, 0x000000078cc00000, 0x000000078ce00000|  0%| F|  |TAMS 0x000000078cc00000, 0x000000078cc00000| Untracked 
|1127|0x000000078ce00000, 0x000000078ce00000, 0x000000078d000000|  0%| F|  |TAMS 0x000000078ce00000, 0x000000078ce00000| Untracked 
|1128|0x000000078d000000, 0x000000078d000000, 0x000000078d200000|  0%| F|  |TAMS 0x000000078d000000, 0x000000078d000000| Untracked 
|1129|0x000000078d200000, 0x000000078d200000, 0x000000078d400000|  0%| F|  |TAMS 0x000000078d200000, 0x000000078d200000| Untracked 
|1130|0x000000078d400000, 0x000000078d400000, 0x000000078d600000|  0%| F|  |TAMS 0x000000078d400000, 0x000000078d400000| Untracked 
|1131|0x000000078d600000, 0x000000078d600000, 0x000000078d800000|  0%| F|  |TAMS 0x000000078d600000, 0x000000078d600000| Untracked 
|1132|0x000000078d800000, 0x000000078d800000, 0x000000078da00000|  0%| F|  |TAMS 0x000000078d800000, 0x000000078d800000| Untracked 
|1133|0x000000078da00000, 0x000000078da00000, 0x000000078dc00000|  0%| F|  |TAMS 0x000000078da00000, 0x000000078da00000| Untracked 
|1134|0x000000078dc00000, 0x000000078dc00000, 0x000000078de00000|  0%| F|  |TAMS 0x000000078dc00000, 0x000000078dc00000| Untracked 
|1135|0x000000078de00000, 0x000000078de00000, 0x000000078e000000|  0%| F|  |TAMS 0x000000078de00000, 0x000000078de00000| Untracked 
|1136|0x000000078e000000, 0x000000078e000000, 0x000000078e200000|  0%| F|  |TAMS 0x000000078e000000, 0x000000078e000000| Untracked 
|1137|0x000000078e200000, 0x000000078e200000, 0x000000078e400000|  0%| F|  |TAMS 0x000000078e200000, 0x000000078e200000| Untracked 
|1138|0x000000078e400000, 0x000000078e400000, 0x000000078e600000|  0%| F|  |TAMS 0x000000078e400000, 0x000000078e400000| Untracked 
|1139|0x000000078e600000, 0x000000078e600000, 0x000000078e800000|  0%| F|  |TAMS 0x000000078e600000, 0x000000078e600000| Untracked 
|1140|0x000000078e800000, 0x000000078e800000, 0x000000078ea00000|  0%| F|  |TAMS 0x000000078e800000, 0x000000078e800000| Untracked 
|1141|0x000000078ea00000, 0x000000078ea00000, 0x000000078ec00000|  0%| F|  |TAMS 0x000000078ea00000, 0x000000078ea00000| Untracked 
|1142|0x000000078ec00000, 0x000000078ec00000, 0x000000078ee00000|  0%| F|  |TAMS 0x000000078ec00000, 0x000000078ec00000| Untracked 
|1143|0x000000078ee00000, 0x000000078ee00000, 0x000000078f000000|  0%| F|  |TAMS 0x000000078ee00000, 0x000000078ee00000| Untracked 
|1144|0x000000078f000000, 0x000000078f000000, 0x000000078f200000|  0%| F|  |TAMS 0x000000078f000000, 0x000000078f000000| Untracked 
|1145|0x000000078f200000, 0x000000078f200000, 0x000000078f400000|  0%| F|  |TAMS 0x000000078f200000, 0x000000078f200000| Untracked 
|1146|0x000000078f400000, 0x000000078f400000, 0x000000078f600000|  0%| F|  |TAMS 0x000000078f400000, 0x000000078f400000| Untracked 
|1147|0x000000078f600000, 0x000000078f600000, 0x000000078f800000|  0%| F|  |TAMS 0x000000078f600000, 0x000000078f600000| Untracked 
|1148|0x000000078f800000, 0x000000078f800000, 0x000000078fa00000|  0%| F|  |TAMS 0x000000078f800000, 0x000000078f800000| Untracked 
|1149|0x000000078fa00000, 0x000000078fa00000, 0x000000078fc00000|  0%| F|  |TAMS 0x000000078fa00000, 0x000000078fa00000| Untracked 
|1150|0x000000078fc00000, 0x000000078fc00000, 0x000000078fe00000|  0%| F|  |TAMS 0x000000078fc00000, 0x000000078fc00000| Untracked 
|1151|0x000000078fe00000, 0x000000078fe00000, 0x0000000790000000|  0%| F|  |TAMS 0x000000078fe00000, 0x000000078fe00000| Untracked 
|1152|0x0000000790000000, 0x0000000790000000, 0x0000000790200000|  0%| F|  |TAMS 0x0000000790000000, 0x0000000790000000| Untracked 
|1153|0x0000000790200000, 0x0000000790200000, 0x0000000790400000|  0%| F|  |TAMS 0x0000000790200000, 0x0000000790200000| Untracked 
|1154|0x0000000790400000, 0x0000000790400000, 0x0000000790600000|  0%| F|  |TAMS 0x0000000790400000, 0x0000000790400000| Untracked 
|1155|0x0000000790600000, 0x0000000790600000, 0x0000000790800000|  0%| F|  |TAMS 0x0000000790600000, 0x0000000790600000| Untracked 
|1156|0x0000000790800000, 0x0000000790800000, 0x0000000790a00000|  0%| F|  |TAMS 0x0000000790800000, 0x0000000790800000| Untracked 
|1157|0x0000000790a00000, 0x0000000790a00000, 0x0000000790c00000|  0%| F|  |TAMS 0x0000000790a00000, 0x0000000790a00000| Untracked 
|1158|0x0000000790c00000, 0x0000000790c00000, 0x0000000790e00000|  0%| F|  |TAMS 0x0000000790c00000, 0x0000000790c00000| Untracked 
|1159|0x0000000790e00000, 0x0000000790e00000, 0x0000000791000000|  0%| F|  |TAMS 0x0000000790e00000, 0x0000000790e00000| Untracked 
|1160|0x0000000791000000, 0x0000000791000000, 0x0000000791200000|  0%| F|  |TAMS 0x0000000791000000, 0x0000000791000000| Untracked 
|1161|0x0000000791200000, 0x0000000791200000, 0x0000000791400000|  0%| F|  |TAMS 0x0000000791200000, 0x0000000791200000| Untracked 
|1162|0x0000000791400000, 0x0000000791400000, 0x0000000791600000|  0%| F|  |TAMS 0x0000000791400000, 0x0000000791400000| Untracked 
|1163|0x0000000791600000, 0x0000000791600000, 0x0000000791800000|  0%| F|  |TAMS 0x0000000791600000, 0x0000000791600000| Untracked 
|1164|0x0000000791800000, 0x0000000791800000, 0x0000000791a00000|  0%| F|  |TAMS 0x0000000791800000, 0x0000000791800000| Untracked 
|1165|0x0000000791a00000, 0x0000000791a00000, 0x0000000791c00000|  0%| F|  |TAMS 0x0000000791a00000, 0x0000000791a00000| Untracked 
|1166|0x0000000791c00000, 0x0000000791c00000, 0x0000000791e00000|  0%| F|  |TAMS 0x0000000791c00000, 0x0000000791c00000| Untracked 
|1167|0x0000000791e00000, 0x0000000791e00000, 0x0000000792000000|  0%| F|  |TAMS 0x0000000791e00000, 0x0000000791e00000| Untracked 
|1168|0x0000000792000000, 0x0000000792000000, 0x0000000792200000|  0%| F|  |TAMS 0x0000000792000000, 0x0000000792000000| Untracked 
|1169|0x0000000792200000, 0x0000000792200000, 0x0000000792400000|  0%| F|  |TAMS 0x0000000792200000, 0x0000000792200000| Untracked 
|1170|0x0000000792400000, 0x0000000792400000, 0x0000000792600000|  0%| F|  |TAMS 0x0000000792400000, 0x0000000792400000| Untracked 
|1171|0x0000000792600000, 0x0000000792600000, 0x0000000792800000|  0%| F|  |TAMS 0x0000000792600000, 0x0000000792600000| Untracked 
|1172|0x0000000792800000, 0x0000000792800000, 0x0000000792a00000|  0%| F|  |TAMS 0x0000000792800000, 0x0000000792800000| Untracked 
|1173|0x0000000792a00000, 0x0000000792a00000, 0x0000000792c00000|  0%| F|  |TAMS 0x0000000792a00000, 0x0000000792a00000| Untracked 
|1174|0x0000000792c00000, 0x0000000792c00000, 0x0000000792e00000|  0%| F|  |TAMS 0x0000000792c00000, 0x0000000792c00000| Untracked 
|1175|0x0000000792e00000, 0x0000000792e00000, 0x0000000793000000|  0%| F|  |TAMS 0x0000000792e00000, 0x0000000792e00000| Untracked 
|1176|0x0000000793000000, 0x0000000793000000, 0x0000000793200000|  0%| F|  |TAMS 0x0000000793000000, 0x0000000793000000| Untracked 
|1177|0x0000000793200000, 0x0000000793200000, 0x0000000793400000|  0%| F|  |TAMS 0x0000000793200000, 0x0000000793200000| Untracked 
|1178|0x0000000793400000, 0x0000000793400000, 0x0000000793600000|  0%| F|  |TAMS 0x0000000793400000, 0x0000000793400000| Untracked 
|1179|0x0000000793600000, 0x0000000793600000, 0x0000000793800000|  0%| F|  |TAMS 0x0000000793600000, 0x0000000793600000| Untracked 
|1180|0x0000000793800000, 0x0000000793800000, 0x0000000793a00000|  0%| F|  |TAMS 0x0000000793800000, 0x0000000793800000| Untracked 
|1181|0x0000000793a00000, 0x0000000793a00000, 0x0000000793c00000|  0%| F|  |TAMS 0x0000000793a00000, 0x0000000793a00000| Untracked 
|1182|0x0000000793c00000, 0x0000000793c00000, 0x0000000793e00000|  0%| F|  |TAMS 0x0000000793c00000, 0x0000000793c00000| Untracked 
|1183|0x0000000793e00000, 0x0000000793e00000, 0x0000000794000000|  0%| F|  |TAMS 0x0000000793e00000, 0x0000000793e00000| Untracked 
|1184|0x0000000794000000, 0x0000000794000000, 0x0000000794200000|  0%| F|  |TAMS 0x0000000794000000, 0x0000000794000000| Untracked 
|1185|0x0000000794200000, 0x0000000794200000, 0x0000000794400000|  0%| F|  |TAMS 0x0000000794200000, 0x0000000794200000| Untracked 
|1186|0x0000000794400000, 0x0000000794400000, 0x0000000794600000|  0%| F|  |TAMS 0x0000000794400000, 0x0000000794400000| Untracked 
|1187|0x0000000794600000, 0x0000000794600000, 0x0000000794800000|  0%| F|  |TAMS 0x0000000794600000, 0x0000000794600000| Untracked 
|1188|0x0000000794800000, 0x0000000794800000, 0x0000000794a00000|  0%| F|  |TAMS 0x0000000794800000, 0x0000000794800000| Untracked 
|1189|0x0000000794a00000, 0x0000000794a00000, 0x0000000794c00000|  0%| F|  |TAMS 0x0000000794a00000, 0x0000000794a00000| Untracked 
|1190|0x0000000794c00000, 0x0000000794c00000, 0x0000000794e00000|  0%| F|  |TAMS 0x0000000794c00000, 0x0000000794c00000| Untracked 
|1191|0x0000000794e00000, 0x0000000794e00000, 0x0000000795000000|  0%| F|  |TAMS 0x0000000794e00000, 0x0000000794e00000| Untracked 
|1192|0x0000000795000000, 0x0000000795000000, 0x0000000795200000|  0%| F|  |TAMS 0x0000000795000000, 0x0000000795000000| Untracked 
|1193|0x0000000795200000, 0x0000000795200000, 0x0000000795400000|  0%| F|  |TAMS 0x0000000795200000, 0x0000000795200000| Untracked 
|1194|0x0000000795400000, 0x0000000795400000, 0x0000000795600000|  0%| F|  |TAMS 0x0000000795400000, 0x0000000795400000| Untracked 
|1195|0x0000000795600000, 0x0000000795600000, 0x0000000795800000|  0%| F|  |TAMS 0x0000000795600000, 0x0000000795600000| Untracked 
|1196|0x0000000795800000, 0x0000000795800000, 0x0000000795a00000|  0%| F|  |TAMS 0x0000000795800000, 0x0000000795800000| Untracked 
|1197|0x0000000795a00000, 0x0000000795a00000, 0x0000000795c00000|  0%| F|  |TAMS 0x0000000795a00000, 0x0000000795a00000| Untracked 
|1198|0x0000000795c00000, 0x0000000795c00000, 0x0000000795e00000|  0%| F|  |TAMS 0x0000000795c00000, 0x0000000795c00000| Untracked 
|1199|0x0000000795e00000, 0x0000000795e00000, 0x0000000796000000|  0%| F|  |TAMS 0x0000000795e00000, 0x0000000795e00000| Untracked 
|1200|0x0000000796000000, 0x0000000796000000, 0x0000000796200000|  0%| F|  |TAMS 0x0000000796000000, 0x0000000796000000| Untracked 
|1201|0x0000000796200000, 0x0000000796200000, 0x0000000796400000|  0%| F|  |TAMS 0x0000000796200000, 0x0000000796200000| Untracked 
|1202|0x0000000796400000, 0x0000000796400000, 0x0000000796600000|  0%| F|  |TAMS 0x0000000796400000, 0x0000000796400000| Untracked 
|1203|0x0000000796600000, 0x0000000796600000, 0x0000000796800000|  0%| F|  |TAMS 0x0000000796600000, 0x0000000796600000| Untracked 
|1204|0x0000000796800000, 0x0000000796800000, 0x0000000796a00000|  0%| F|  |TAMS 0x0000000796800000, 0x0000000796800000| Untracked 
|1205|0x0000000796a00000, 0x0000000796a00000, 0x0000000796c00000|  0%| F|  |TAMS 0x0000000796a00000, 0x0000000796a00000| Untracked 
|1206|0x0000000796c00000, 0x0000000796c00000, 0x0000000796e00000|  0%| F|  |TAMS 0x0000000796c00000, 0x0000000796c00000| Untracked 
|1207|0x0000000796e00000, 0x0000000796e00000, 0x0000000797000000|  0%| F|  |TAMS 0x0000000796e00000, 0x0000000796e00000| Untracked 
|1208|0x0000000797000000, 0x0000000797000000, 0x0000000797200000|  0%| F|  |TAMS 0x0000000797000000, 0x0000000797000000| Untracked 
|1209|0x0000000797200000, 0x0000000797200000, 0x0000000797400000|  0%| F|  |TAMS 0x0000000797200000, 0x0000000797200000| Untracked 
|1210|0x0000000797400000, 0x0000000797400000, 0x0000000797600000|  0%| F|  |TAMS 0x0000000797400000, 0x0000000797400000| Untracked 
|1211|0x0000000797600000, 0x0000000797600000, 0x0000000797800000|  0%| F|  |TAMS 0x0000000797600000, 0x0000000797600000| Untracked 
|1212|0x0000000797800000, 0x0000000797800000, 0x0000000797a00000|  0%| F|  |TAMS 0x0000000797800000, 0x0000000797800000| Untracked 
|1213|0x0000000797a00000, 0x0000000797a00000, 0x0000000797c00000|  0%| F|  |TAMS 0x0000000797a00000, 0x0000000797a00000| Untracked 
|1214|0x0000000797c00000, 0x0000000797c00000, 0x0000000797e00000|  0%| F|  |TAMS 0x0000000797c00000, 0x0000000797c00000| Untracked 
|1215|0x0000000797e00000, 0x0000000797e00000, 0x0000000798000000|  0%| F|  |TAMS 0x0000000797e00000, 0x0000000797e00000| Untracked 
|1216|0x0000000798000000, 0x0000000798000000, 0x0000000798200000|  0%| F|  |TAMS 0x0000000798000000, 0x0000000798000000| Untracked 
|1217|0x0000000798200000, 0x0000000798200000, 0x0000000798400000|  0%| F|  |TAMS 0x0000000798200000, 0x0000000798200000| Untracked 
|1218|0x0000000798400000, 0x0000000798400000, 0x0000000798600000|  0%| F|  |TAMS 0x0000000798400000, 0x0000000798400000| Untracked 
|1219|0x0000000798600000, 0x0000000798600000, 0x0000000798800000|  0%| F|  |TAMS 0x0000000798600000, 0x0000000798600000| Untracked 
|1220|0x0000000798800000, 0x0000000798800000, 0x0000000798a00000|  0%| F|  |TAMS 0x0000000798800000, 0x0000000798800000| Untracked 
|1221|0x0000000798a00000, 0x0000000798a00000, 0x0000000798c00000|  0%| F|  |TAMS 0x0000000798a00000, 0x0000000798a00000| Untracked 
|1222|0x0000000798c00000, 0x0000000798c00000, 0x0000000798e00000|  0%| F|  |TAMS 0x0000000798c00000, 0x0000000798c00000| Untracked 
|1223|0x0000000798e00000, 0x0000000798e00000, 0x0000000799000000|  0%| F|  |TAMS 0x0000000798e00000, 0x0000000798e00000| Untracked 
|1224|0x0000000799000000, 0x0000000799000000, 0x0000000799200000|  0%| F|  |TAMS 0x0000000799000000, 0x0000000799000000| Untracked 
|1225|0x0000000799200000, 0x0000000799200000, 0x0000000799400000|  0%| F|  |TAMS 0x0000000799200000, 0x0000000799200000| Untracked 
|1226|0x0000000799400000, 0x0000000799400000, 0x0000000799600000|  0%| F|  |TAMS 0x0000000799400000, 0x0000000799400000| Untracked 
|1227|0x0000000799600000, 0x0000000799600000, 0x0000000799800000|  0%| F|  |TAMS 0x0000000799600000, 0x0000000799600000| Untracked 
|1228|0x0000000799800000, 0x0000000799800000, 0x0000000799a00000|  0%| F|  |TAMS 0x0000000799800000, 0x0000000799800000| Untracked 
|1229|0x0000000799a00000, 0x0000000799a00000, 0x0000000799c00000|  0%| F|  |TAMS 0x0000000799a00000, 0x0000000799a00000| Untracked 
|1230|0x0000000799c00000, 0x0000000799c00000, 0x0000000799e00000|  0%| F|  |TAMS 0x0000000799c00000, 0x0000000799c00000| Untracked 
|1231|0x0000000799e00000, 0x0000000799e00000, 0x000000079a000000|  0%| F|  |TAMS 0x0000000799e00000, 0x0000000799e00000| Untracked 
|1232|0x000000079a000000, 0x000000079a000000, 0x000000079a200000|  0%| F|  |TAMS 0x000000079a000000, 0x000000079a000000| Untracked 
|1233|0x000000079a200000, 0x000000079a200000, 0x000000079a400000|  0%| F|  |TAMS 0x000000079a200000, 0x000000079a200000| Untracked 
|1234|0x000000079a400000, 0x000000079a400000, 0x000000079a600000|  0%| F|  |TAMS 0x000000079a400000, 0x000000079a400000| Untracked 
|1235|0x000000079a600000, 0x000000079a600000, 0x000000079a800000|  0%| F|  |TAMS 0x000000079a600000, 0x000000079a600000| Untracked 
|1236|0x000000079a800000, 0x000000079a800000, 0x000000079aa00000|  0%| F|  |TAMS 0x000000079a800000, 0x000000079a800000| Untracked 
|1237|0x000000079aa00000, 0x000000079aa00000, 0x000000079ac00000|  0%| F|  |TAMS 0x000000079aa00000, 0x000000079aa00000| Untracked 
|1238|0x000000079ac00000, 0x000000079ac00000, 0x000000079ae00000|  0%| F|  |TAMS 0x000000079ac00000, 0x000000079ac00000| Untracked 
|1239|0x000000079ae00000, 0x000000079ae00000, 0x000000079b000000|  0%| F|  |TAMS 0x000000079ae00000, 0x000000079ae00000| Untracked 
|1240|0x000000079b000000, 0x000000079b000000, 0x000000079b200000|  0%| F|  |TAMS 0x000000079b000000, 0x000000079b000000| Untracked 
|1241|0x000000079b200000, 0x000000079b200000, 0x000000079b400000|  0%| F|  |TAMS 0x000000079b200000, 0x000000079b200000| Untracked 
|1242|0x000000079b400000, 0x000000079b400000, 0x000000079b600000|  0%| F|  |TAMS 0x000000079b400000, 0x000000079b400000| Untracked 
|1243|0x000000079b600000, 0x000000079b600000, 0x000000079b800000|  0%| F|  |TAMS 0x000000079b600000, 0x000000079b600000| Untracked 
|1244|0x000000079b800000, 0x000000079b800000, 0x000000079ba00000|  0%| F|  |TAMS 0x000000079b800000, 0x000000079b800000| Untracked 
|1245|0x000000079ba00000, 0x000000079ba00000, 0x000000079bc00000|  0%| F|  |TAMS 0x000000079ba00000, 0x000000079ba00000| Untracked 
|1246|0x000000079bc00000, 0x000000079bc00000, 0x000000079be00000|  0%| F|  |TAMS 0x000000079bc00000, 0x000000079bc00000| Untracked 
|1247|0x000000079be00000, 0x000000079be00000, 0x000000079c000000|  0%| F|  |TAMS 0x000000079be00000, 0x000000079be00000| Untracked 
|1248|0x000000079c000000, 0x000000079c000000, 0x000000079c200000|  0%| F|  |TAMS 0x000000079c000000, 0x000000079c000000| Untracked 
|1249|0x000000079c200000, 0x000000079c200000, 0x000000079c400000|  0%| F|  |TAMS 0x000000079c200000, 0x000000079c200000| Untracked 
|1250|0x000000079c400000, 0x000000079c400000, 0x000000079c600000|  0%| F|  |TAMS 0x000000079c400000, 0x000000079c400000| Untracked 
|1251|0x000000079c600000, 0x000000079c600000, 0x000000079c800000|  0%| F|  |TAMS 0x000000079c600000, 0x000000079c600000| Untracked 
|1252|0x000000079c800000, 0x000000079c800000, 0x000000079ca00000|  0%| F|  |TAMS 0x000000079c800000, 0x000000079c800000| Untracked 
|1253|0x000000079ca00000, 0x000000079ca00000, 0x000000079cc00000|  0%| F|  |TAMS 0x000000079ca00000, 0x000000079ca00000| Untracked 
|1254|0x000000079cc00000, 0x000000079cc00000, 0x000000079ce00000|  0%| F|  |TAMS 0x000000079cc00000, 0x000000079cc00000| Untracked 
|1255|0x000000079ce00000, 0x000000079ce00000, 0x000000079d000000|  0%| F|  |TAMS 0x000000079ce00000, 0x000000079ce00000| Untracked 
|1256|0x000000079d000000, 0x000000079d000000, 0x000000079d200000|  0%| F|  |TAMS 0x000000079d000000, 0x000000079d000000| Untracked 
|1257|0x000000079d200000, 0x000000079d200000, 0x000000079d400000|  0%| F|  |TAMS 0x000000079d200000, 0x000000079d200000| Untracked 
|1258|0x000000079d400000, 0x000000079d400000, 0x000000079d600000|  0%| F|  |TAMS 0x000000079d400000, 0x000000079d400000| Untracked 
|1259|0x000000079d600000, 0x000000079d600000, 0x000000079d800000|  0%| F|  |TAMS 0x000000079d600000, 0x000000079d600000| Untracked 
|1260|0x000000079d800000, 0x000000079d800000, 0x000000079da00000|  0%| F|  |TAMS 0x000000079d800000, 0x000000079d800000| Untracked 
|1261|0x000000079da00000, 0x000000079da00000, 0x000000079dc00000|  0%| F|  |TAMS 0x000000079da00000, 0x000000079da00000| Untracked 
|1262|0x000000079dc00000, 0x000000079dc00000, 0x000000079de00000|  0%| F|  |TAMS 0x000000079dc00000, 0x000000079dc00000| Untracked 
|1263|0x000000079de00000, 0x000000079de00000, 0x000000079e000000|  0%| F|  |TAMS 0x000000079de00000, 0x000000079de00000| Untracked 
|1264|0x000000079e000000, 0x000000079e000000, 0x000000079e200000|  0%| F|  |TAMS 0x000000079e000000, 0x000000079e000000| Untracked 
|1265|0x000000079e200000, 0x000000079e200000, 0x000000079e400000|  0%| F|  |TAMS 0x000000079e200000, 0x000000079e200000| Untracked 
|1266|0x000000079e400000, 0x000000079e400000, 0x000000079e600000|  0%| F|  |TAMS 0x000000079e400000, 0x000000079e400000| Untracked 
|1267|0x000000079e600000, 0x000000079e600000, 0x000000079e800000|  0%| F|  |TAMS 0x000000079e600000, 0x000000079e600000| Untracked 
|1268|0x000000079e800000, 0x000000079e800000, 0x000000079ea00000|  0%| F|  |TAMS 0x000000079e800000, 0x000000079e800000| Untracked 
|1269|0x000000079ea00000, 0x000000079ea00000, 0x000000079ec00000|  0%| F|  |TAMS 0x000000079ea00000, 0x000000079ea00000| Untracked 
|1270|0x000000079ec00000, 0x000000079ec00000, 0x000000079ee00000|  0%| F|  |TAMS 0x000000079ec00000, 0x000000079ec00000| Untracked 
|1271|0x000000079ee00000, 0x000000079ee00000, 0x000000079f000000|  0%| F|  |TAMS 0x000000079ee00000, 0x000000079ee00000| Untracked 
|1272|0x000000079f000000, 0x000000079f000000, 0x000000079f200000|  0%| F|  |TAMS 0x000000079f000000, 0x000000079f000000| Untracked 
|1273|0x000000079f200000, 0x000000079f200000, 0x000000079f400000|  0%| F|  |TAMS 0x000000079f200000, 0x000000079f200000| Untracked 
|1274|0x000000079f400000, 0x000000079f400000, 0x000000079f600000|  0%| F|  |TAMS 0x000000079f400000, 0x000000079f400000| Untracked 
|1275|0x000000079f600000, 0x000000079f600000, 0x000000079f800000|  0%| F|  |TAMS 0x000000079f600000, 0x000000079f600000| Untracked 
|1276|0x000000079f800000, 0x000000079f800000, 0x000000079fa00000|  0%| F|  |TAMS 0x000000079f800000, 0x000000079f800000| Untracked 
|1277|0x000000079fa00000, 0x000000079fa00000, 0x000000079fc00000|  0%| F|  |TAMS 0x000000079fa00000, 0x000000079fa00000| Untracked 
|1278|0x000000079fc00000, 0x000000079fc00000, 0x000000079fe00000|  0%| F|  |TAMS 0x000000079fc00000, 0x000000079fc00000| Untracked 
|1279|0x000000079fe00000, 0x000000079fe00000, 0x00000007a0000000|  0%| F|  |TAMS 0x000000079fe00000, 0x000000079fe00000| Untracked 
|1280|0x00000007a0000000, 0x00000007a0000000, 0x00000007a0200000|  0%| F|  |TAMS 0x00000007a0000000, 0x00000007a0000000| Untracked 
|1281|0x00000007a0200000, 0x00000007a0200000, 0x00000007a0400000|  0%| F|  |TAMS 0x00000007a0200000, 0x00000007a0200000| Untracked 
|1282|0x00000007a0400000, 0x00000007a0400000, 0x00000007a0600000|  0%| F|  |TAMS 0x00000007a0400000, 0x00000007a0400000| Untracked 
|1283|0x00000007a0600000, 0x00000007a0600000, 0x00000007a0800000|  0%| F|  |TAMS 0x00000007a0600000, 0x00000007a0600000| Untracked 
|1284|0x00000007a0800000, 0x00000007a0800000, 0x00000007a0a00000|  0%| F|  |TAMS 0x00000007a0800000, 0x00000007a0800000| Untracked 
|1285|0x00000007a0a00000, 0x00000007a0a00000, 0x00000007a0c00000|  0%| F|  |TAMS 0x00000007a0a00000, 0x00000007a0a00000| Untracked 
|1286|0x00000007a0c00000, 0x00000007a0c00000, 0x00000007a0e00000|  0%| F|  |TAMS 0x00000007a0c00000, 0x00000007a0c00000| Untracked 
|1287|0x00000007a0e00000, 0x00000007a0e00000, 0x00000007a1000000|  0%| F|  |TAMS 0x00000007a0e00000, 0x00000007a0e00000| Untracked 
|1288|0x00000007a1000000, 0x00000007a1000000, 0x00000007a1200000|  0%| F|  |TAMS 0x00000007a1000000, 0x00000007a1000000| Untracked 
|1289|0x00000007a1200000, 0x00000007a1200000, 0x00000007a1400000|  0%| F|  |TAMS 0x00000007a1200000, 0x00000007a1200000| Untracked 
|1290|0x00000007a1400000, 0x00000007a1400000, 0x00000007a1600000|  0%| F|  |TAMS 0x00000007a1400000, 0x00000007a1400000| Untracked 
|1291|0x00000007a1600000, 0x00000007a1600000, 0x00000007a1800000|  0%| F|  |TAMS 0x00000007a1600000, 0x00000007a1600000| Untracked 
|1292|0x00000007a1800000, 0x00000007a1800000, 0x00000007a1a00000|  0%| F|  |TAMS 0x00000007a1800000, 0x00000007a1800000| Untracked 
|1293|0x00000007a1a00000, 0x00000007a1a00000, 0x00000007a1c00000|  0%| F|  |TAMS 0x00000007a1a00000, 0x00000007a1a00000| Untracked 
|1294|0x00000007a1c00000, 0x00000007a1c00000, 0x00000007a1e00000|  0%| F|  |TAMS 0x00000007a1c00000, 0x00000007a1c00000| Untracked 
|1295|0x00000007a1e00000, 0x00000007a1e00000, 0x00000007a2000000|  0%| F|  |TAMS 0x00000007a1e00000, 0x00000007a1e00000| Untracked 
|1296|0x00000007a2000000, 0x00000007a2000000, 0x00000007a2200000|  0%| F|  |TAMS 0x00000007a2000000, 0x00000007a2000000| Untracked 
|1297|0x00000007a2200000, 0x00000007a2200000, 0x00000007a2400000|  0%| F|  |TAMS 0x00000007a2200000, 0x00000007a2200000| Untracked 
|1298|0x00000007a2400000, 0x00000007a2400000, 0x00000007a2600000|  0%| F|  |TAMS 0x00000007a2400000, 0x00000007a2400000| Untracked 
|1299|0x00000007a2600000, 0x00000007a2600000, 0x00000007a2800000|  0%| F|  |TAMS 0x00000007a2600000, 0x00000007a2600000| Untracked 
|1300|0x00000007a2800000, 0x00000007a2800000, 0x00000007a2a00000|  0%| F|  |TAMS 0x00000007a2800000, 0x00000007a2800000| Untracked 
|1301|0x00000007a2a00000, 0x00000007a2a00000, 0x00000007a2c00000|  0%| F|  |TAMS 0x00000007a2a00000, 0x00000007a2a00000| Untracked 
|1302|0x00000007a2c00000, 0x00000007a2c00000, 0x00000007a2e00000|  0%| F|  |TAMS 0x00000007a2c00000, 0x00000007a2c00000| Untracked 
|1303|0x00000007a2e00000, 0x00000007a2e00000, 0x00000007a3000000|  0%| F|  |TAMS 0x00000007a2e00000, 0x00000007a2e00000| Untracked 
|1304|0x00000007a3000000, 0x00000007a3000000, 0x00000007a3200000|  0%| F|  |TAMS 0x00000007a3000000, 0x00000007a3000000| Untracked 
|1305|0x00000007a3200000, 0x00000007a3200000, 0x00000007a3400000|  0%| F|  |TAMS 0x00000007a3200000, 0x00000007a3200000| Untracked 
|1306|0x00000007a3400000, 0x00000007a3400000, 0x00000007a3600000|  0%| F|  |TAMS 0x00000007a3400000, 0x00000007a3400000| Untracked 
|1307|0x00000007a3600000, 0x00000007a3600000, 0x00000007a3800000|  0%| F|  |TAMS 0x00000007a3600000, 0x00000007a3600000| Untracked 
|1308|0x00000007a3800000, 0x00000007a3800000, 0x00000007a3a00000|  0%| F|  |TAMS 0x00000007a3800000, 0x00000007a3800000| Untracked 
|1309|0x00000007a3a00000, 0x00000007a3a00000, 0x00000007a3c00000|  0%| F|  |TAMS 0x00000007a3a00000, 0x00000007a3a00000| Untracked 
|1310|0x00000007a3c00000, 0x00000007a3c00000, 0x00000007a3e00000|  0%| F|  |TAMS 0x00000007a3c00000, 0x00000007a3c00000| Untracked 
|1311|0x00000007a3e00000, 0x00000007a3e00000, 0x00000007a4000000|  0%| F|  |TAMS 0x00000007a3e00000, 0x00000007a3e00000| Untracked 
|1312|0x00000007a4000000, 0x00000007a4000000, 0x00000007a4200000|  0%| F|  |TAMS 0x00000007a4000000, 0x00000007a4000000| Untracked 
|1313|0x00000007a4200000, 0x00000007a4200000, 0x00000007a4400000|  0%| F|  |TAMS 0x00000007a4200000, 0x00000007a4200000| Untracked 
|1314|0x00000007a4400000, 0x00000007a4400000, 0x00000007a4600000|  0%| F|  |TAMS 0x00000007a4400000, 0x00000007a4400000| Untracked 
|1315|0x00000007a4600000, 0x00000007a4600000, 0x00000007a4800000|  0%| F|  |TAMS 0x00000007a4600000, 0x00000007a4600000| Untracked 
|1316|0x00000007a4800000, 0x00000007a4800000, 0x00000007a4a00000|  0%| F|  |TAMS 0x00000007a4800000, 0x00000007a4800000| Untracked 
|1317|0x00000007a4a00000, 0x00000007a4a00000, 0x00000007a4c00000|  0%| F|  |TAMS 0x00000007a4a00000, 0x00000007a4a00000| Untracked 
|1318|0x00000007a4c00000, 0x00000007a4c00000, 0x00000007a4e00000|  0%| F|  |TAMS 0x00000007a4c00000, 0x00000007a4c00000| Untracked 
|1319|0x00000007a4e00000, 0x00000007a4e00000, 0x00000007a5000000|  0%| F|  |TAMS 0x00000007a4e00000, 0x00000007a4e00000| Untracked 
|1320|0x00000007a5000000, 0x00000007a5000000, 0x00000007a5200000|  0%| F|  |TAMS 0x00000007a5000000, 0x00000007a5000000| Untracked 
|1321|0x00000007a5200000, 0x00000007a5200000, 0x00000007a5400000|  0%| F|  |TAMS 0x00000007a5200000, 0x00000007a5200000| Untracked 
|1322|0x00000007a5400000, 0x00000007a5400000, 0x00000007a5600000|  0%| F|  |TAMS 0x00000007a5400000, 0x00000007a5400000| Untracked 
|1323|0x00000007a5600000, 0x00000007a5600000, 0x00000007a5800000|  0%| F|  |TAMS 0x00000007a5600000, 0x00000007a5600000| Untracked 
|1324|0x00000007a5800000, 0x00000007a5800000, 0x00000007a5a00000|  0%| F|  |TAMS 0x00000007a5800000, 0x00000007a5800000| Untracked 
|1325|0x00000007a5a00000, 0x00000007a5a00000, 0x00000007a5c00000|  0%| F|  |TAMS 0x00000007a5a00000, 0x00000007a5a00000| Untracked 
|1326|0x00000007a5c00000, 0x00000007a5c00000, 0x00000007a5e00000|  0%| F|  |TAMS 0x00000007a5c00000, 0x00000007a5c00000| Untracked 
|1327|0x00000007a5e00000, 0x00000007a5e00000, 0x00000007a6000000|  0%| F|  |TAMS 0x00000007a5e00000, 0x00000007a5e00000| Untracked 
|1328|0x00000007a6000000, 0x00000007a6000000, 0x00000007a6200000|  0%| F|  |TAMS 0x00000007a6000000, 0x00000007a6000000| Untracked 
|1329|0x00000007a6200000, 0x00000007a6200000, 0x00000007a6400000|  0%| F|  |TAMS 0x00000007a6200000, 0x00000007a6200000| Untracked 
|1330|0x00000007a6400000, 0x00000007a6400000, 0x00000007a6600000|  0%| F|  |TAMS 0x00000007a6400000, 0x00000007a6400000| Untracked 
|1331|0x00000007a6600000, 0x00000007a6600000, 0x00000007a6800000|  0%| F|  |TAMS 0x00000007a6600000, 0x00000007a6600000| Untracked 
|1332|0x00000007a6800000, 0x00000007a6800000, 0x00000007a6a00000|  0%| F|  |TAMS 0x00000007a6800000, 0x00000007a6800000| Untracked 
|1333|0x00000007a6a00000, 0x00000007a6a00000, 0x00000007a6c00000|  0%| F|  |TAMS 0x00000007a6a00000, 0x00000007a6a00000| Untracked 
|1334|0x00000007a6c00000, 0x00000007a6c00000, 0x00000007a6e00000|  0%| F|  |TAMS 0x00000007a6c00000, 0x00000007a6c00000| Untracked 
|1335|0x00000007a6e00000, 0x00000007a6e00000, 0x00000007a7000000|  0%| F|  |TAMS 0x00000007a6e00000, 0x00000007a6e00000| Untracked 
|1336|0x00000007a7000000, 0x00000007a7000000, 0x00000007a7200000|  0%| F|  |TAMS 0x00000007a7000000, 0x00000007a7000000| Untracked 
|1337|0x00000007a7200000, 0x00000007a7200000, 0x00000007a7400000|  0%| F|  |TAMS 0x00000007a7200000, 0x00000007a7200000| Untracked 
|1338|0x00000007a7400000, 0x00000007a7400000, 0x00000007a7600000|  0%| F|  |TAMS 0x00000007a7400000, 0x00000007a7400000| Untracked 
|1339|0x00000007a7600000, 0x00000007a7600000, 0x00000007a7800000|  0%| F|  |TAMS 0x00000007a7600000, 0x00000007a7600000| Untracked 
|1340|0x00000007a7800000, 0x00000007a7800000, 0x00000007a7a00000|  0%| F|  |TAMS 0x00000007a7800000, 0x00000007a7800000| Untracked 
|1341|0x00000007a7a00000, 0x00000007a7a00000, 0x00000007a7c00000|  0%| F|  |TAMS 0x00000007a7a00000, 0x00000007a7a00000| Untracked 
|1342|0x00000007a7c00000, 0x00000007a7c00000, 0x00000007a7e00000|  0%| F|  |TAMS 0x00000007a7c00000, 0x00000007a7c00000| Untracked 
|1343|0x00000007a7e00000, 0x00000007a7e00000, 0x00000007a8000000|  0%| F|  |TAMS 0x00000007a7e00000, 0x00000007a7e00000| Untracked 
|1344|0x00000007a8000000, 0x00000007a8000000, 0x00000007a8200000|  0%| F|  |TAMS 0x00000007a8000000, 0x00000007a8000000| Untracked 
|1345|0x00000007a8200000, 0x00000007a8200000, 0x00000007a8400000|  0%| F|  |TAMS 0x00000007a8200000, 0x00000007a8200000| Untracked 
|1346|0x00000007a8400000, 0x00000007a8400000, 0x00000007a8600000|  0%| F|  |TAMS 0x00000007a8400000, 0x00000007a8400000| Untracked 
|1347|0x00000007a8600000, 0x00000007a8600000, 0x00000007a8800000|  0%| F|  |TAMS 0x00000007a8600000, 0x00000007a8600000| Untracked 
|1348|0x00000007a8800000, 0x00000007a8800000, 0x00000007a8a00000|  0%| F|  |TAMS 0x00000007a8800000, 0x00000007a8800000| Untracked 
|1349|0x00000007a8a00000, 0x00000007a8a00000, 0x00000007a8c00000|  0%| F|  |TAMS 0x00000007a8a00000, 0x00000007a8a00000| Untracked 
|1350|0x00000007a8c00000, 0x00000007a8c00000, 0x00000007a8e00000|  0%| F|  |TAMS 0x00000007a8c00000, 0x00000007a8c00000| Untracked 
|1351|0x00000007a8e00000, 0x00000007a8e00000, 0x00000007a9000000|  0%| F|  |TAMS 0x00000007a8e00000, 0x00000007a8e00000| Untracked 
|1352|0x00000007a9000000, 0x00000007a9000000, 0x00000007a9200000|  0%| F|  |TAMS 0x00000007a9000000, 0x00000007a9000000| Untracked 
|1353|0x00000007a9200000, 0x00000007a9200000, 0x00000007a9400000|  0%| F|  |TAMS 0x00000007a9200000, 0x00000007a9200000| Untracked 
|1354|0x00000007a9400000, 0x00000007a9400000, 0x00000007a9600000|  0%| F|  |TAMS 0x00000007a9400000, 0x00000007a9400000| Untracked 
|1355|0x00000007a9600000, 0x00000007a9600000, 0x00000007a9800000|  0%| F|  |TAMS 0x00000007a9600000, 0x00000007a9600000| Untracked 
|1356|0x00000007a9800000, 0x00000007a9800000, 0x00000007a9a00000|  0%| F|  |TAMS 0x00000007a9800000, 0x00000007a9800000| Untracked 
|1357|0x00000007a9a00000, 0x00000007a9a00000, 0x00000007a9c00000|  0%| F|  |TAMS 0x00000007a9a00000, 0x00000007a9a00000| Untracked 
|1358|0x00000007a9c00000, 0x00000007a9c00000, 0x00000007a9e00000|  0%| F|  |TAMS 0x00000007a9c00000, 0x00000007a9c00000| Untracked 
|1359|0x00000007a9e00000, 0x00000007a9e00000, 0x00000007aa000000|  0%| F|  |TAMS 0x00000007a9e00000, 0x00000007a9e00000| Untracked 
|1360|0x00000007aa000000, 0x00000007aa000000, 0x00000007aa200000|  0%| F|  |TAMS 0x00000007aa000000, 0x00000007aa000000| Untracked 
|1361|0x00000007aa200000, 0x00000007aa200000, 0x00000007aa400000|  0%| F|  |TAMS 0x00000007aa200000, 0x00000007aa200000| Untracked 
|1362|0x00000007aa400000, 0x00000007aa400000, 0x00000007aa600000|  0%| F|  |TAMS 0x00000007aa400000, 0x00000007aa400000| Untracked 
|1363|0x00000007aa600000, 0x00000007aa600000, 0x00000007aa800000|  0%| F|  |TAMS 0x00000007aa600000, 0x00000007aa600000| Untracked 
|1364|0x00000007aa800000, 0x00000007aa800000, 0x00000007aaa00000|  0%| F|  |TAMS 0x00000007aa800000, 0x00000007aa800000| Untracked 
|1365|0x00000007aaa00000, 0x00000007aaa00000, 0x00000007aac00000|  0%| F|  |TAMS 0x00000007aaa00000, 0x00000007aaa00000| Untracked 
|1366|0x00000007aac00000, 0x00000007aac00000, 0x00000007aae00000|  0%| F|  |TAMS 0x00000007aac00000, 0x00000007aac00000| Untracked 
|1367|0x00000007aae00000, 0x00000007aae00000, 0x00000007ab000000|  0%| F|  |TAMS 0x00000007aae00000, 0x00000007aae00000| Untracked 
|1368|0x00000007ab000000, 0x00000007ab000000, 0x00000007ab200000|  0%| F|  |TAMS 0x00000007ab000000, 0x00000007ab000000| Untracked 
|1369|0x00000007ab200000, 0x00000007ab200000, 0x00000007ab400000|  0%| F|  |TAMS 0x00000007ab200000, 0x00000007ab200000| Untracked 
|1370|0x00000007ab400000, 0x00000007ab400000, 0x00000007ab600000|  0%| F|  |TAMS 0x00000007ab400000, 0x00000007ab400000| Untracked 
|1371|0x00000007ab600000, 0x00000007ab600000, 0x00000007ab800000|  0%| F|  |TAMS 0x00000007ab600000, 0x00000007ab600000| Untracked 
|1372|0x00000007ab800000, 0x00000007ab800000, 0x00000007aba00000|  0%| F|  |TAMS 0x00000007ab800000, 0x00000007ab800000| Untracked 
|1373|0x00000007aba00000, 0x00000007aba00000, 0x00000007abc00000|  0%| F|  |TAMS 0x00000007aba00000, 0x00000007aba00000| Untracked 
|1374|0x00000007abc00000, 0x00000007abc00000, 0x00000007abe00000|  0%| F|  |TAMS 0x00000007abc00000, 0x00000007abc00000| Untracked 
|1375|0x00000007abe00000, 0x00000007abe00000, 0x00000007ac000000|  0%| F|  |TAMS 0x00000007abe00000, 0x00000007abe00000| Untracked 
|1376|0x00000007ac000000, 0x00000007ac000000, 0x00000007ac200000|  0%| F|  |TAMS 0x00000007ac000000, 0x00000007ac000000| Untracked 
|1377|0x00000007ac200000, 0x00000007ac200000, 0x00000007ac400000|  0%| F|  |TAMS 0x00000007ac200000, 0x00000007ac200000| Untracked 
|1378|0x00000007ac400000, 0x00000007ac400000, 0x00000007ac600000|  0%| F|  |TAMS 0x00000007ac400000, 0x00000007ac400000| Untracked 
|1379|0x00000007ac600000, 0x00000007ac600000, 0x00000007ac800000|  0%| F|  |TAMS 0x00000007ac600000, 0x00000007ac600000| Untracked 
|1380|0x00000007ac800000, 0x00000007ac800000, 0x00000007aca00000|  0%| F|  |TAMS 0x00000007ac800000, 0x00000007ac800000| Untracked 
|1381|0x00000007aca00000, 0x00000007aca00000, 0x00000007acc00000|  0%| F|  |TAMS 0x00000007aca00000, 0x00000007aca00000| Untracked 
|1382|0x00000007acc00000, 0x00000007acc00000, 0x00000007ace00000|  0%| F|  |TAMS 0x00000007acc00000, 0x00000007acc00000| Untracked 
|1383|0x00000007ace00000, 0x00000007ace00000, 0x00000007ad000000|  0%| F|  |TAMS 0x00000007ace00000, 0x00000007ace00000| Untracked 
|1384|0x00000007ad000000, 0x00000007ad000000, 0x00000007ad200000|  0%| F|  |TAMS 0x00000007ad000000, 0x00000007ad000000| Untracked 
|1385|0x00000007ad200000, 0x00000007ad200000, 0x00000007ad400000|  0%| F|  |TAMS 0x00000007ad200000, 0x00000007ad200000| Untracked 
|1386|0x00000007ad400000, 0x00000007ad400000, 0x00000007ad600000|  0%| F|  |TAMS 0x00000007ad400000, 0x00000007ad400000| Untracked 
|1387|0x00000007ad600000, 0x00000007ad600000, 0x00000007ad800000|  0%| F|  |TAMS 0x00000007ad600000, 0x00000007ad600000| Untracked 
|1388|0x00000007ad800000, 0x00000007ad800000, 0x00000007ada00000|  0%| F|  |TAMS 0x00000007ad800000, 0x00000007ad800000| Untracked 
|1389|0x00000007ada00000, 0x00000007ada00000, 0x00000007adc00000|  0%| F|  |TAMS 0x00000007ada00000, 0x00000007ada00000| Untracked 
|1390|0x00000007adc00000, 0x00000007adc00000, 0x00000007ade00000|  0%| F|  |TAMS 0x00000007adc00000, 0x00000007adc00000| Untracked 
|1391|0x00000007ade00000, 0x00000007ade00000, 0x00000007ae000000|  0%| F|  |TAMS 0x00000007ade00000, 0x00000007ade00000| Untracked 
|1392|0x00000007ae000000, 0x00000007ae000000, 0x00000007ae200000|  0%| F|  |TAMS 0x00000007ae000000, 0x00000007ae000000| Untracked 
|1393|0x00000007ae200000, 0x00000007ae200000, 0x00000007ae400000|  0%| F|  |TAMS 0x00000007ae200000, 0x00000007ae200000| Untracked 
|1394|0x00000007ae400000, 0x00000007ae400000, 0x00000007ae600000|  0%| F|  |TAMS 0x00000007ae400000, 0x00000007ae400000| Untracked 
|1395|0x00000007ae600000, 0x00000007ae600000, 0x00000007ae800000|  0%| F|  |TAMS 0x00000007ae600000, 0x00000007ae600000| Untracked 
|1396|0x00000007ae800000, 0x00000007ae800000, 0x00000007aea00000|  0%| F|  |TAMS 0x00000007ae800000, 0x00000007ae800000| Untracked 
|1397|0x00000007aea00000, 0x00000007aea00000, 0x00000007aec00000|  0%| F|  |TAMS 0x00000007aea00000, 0x00000007aea00000| Untracked 
|1398|0x00000007aec00000, 0x00000007aec00000, 0x00000007aee00000|  0%| F|  |TAMS 0x00000007aec00000, 0x00000007aec00000| Untracked 
|1399|0x00000007aee00000, 0x00000007aee00000, 0x00000007af000000|  0%| F|  |TAMS 0x00000007aee00000, 0x00000007aee00000| Untracked 
|1400|0x00000007af000000, 0x00000007af000000, 0x00000007af200000|  0%| F|  |TAMS 0x00000007af000000, 0x00000007af000000| Untracked 
|1401|0x00000007af200000, 0x00000007af200000, 0x00000007af400000|  0%| F|  |TAMS 0x00000007af200000, 0x00000007af200000| Untracked 
|1402|0x00000007af400000, 0x00000007af400000, 0x00000007af600000|  0%| F|  |TAMS 0x00000007af400000, 0x00000007af400000| Untracked 
|1403|0x00000007af600000, 0x00000007af600000, 0x00000007af800000|  0%| F|  |TAMS 0x00000007af600000, 0x00000007af600000| Untracked 
|1404|0x00000007af800000, 0x00000007af800000, 0x00000007afa00000|  0%| F|  |TAMS 0x00000007af800000, 0x00000007af800000| Untracked 
|1405|0x00000007afa00000, 0x00000007afa00000, 0x00000007afc00000|  0%| F|  |TAMS 0x00000007afa00000, 0x00000007afa00000| Untracked 
|1406|0x00000007afc00000, 0x00000007afc00000, 0x00000007afe00000|  0%| F|  |TAMS 0x00000007afc00000, 0x00000007afc00000| Untracked 
|1407|0x00000007afe00000, 0x00000007afe00000, 0x00000007b0000000|  0%| F|  |TAMS 0x00000007afe00000, 0x00000007afe00000| Untracked 
|1408|0x00000007b0000000, 0x00000007b0000000, 0x00000007b0200000|  0%| F|  |TAMS 0x00000007b0000000, 0x00000007b0000000| Untracked 
|1409|0x00000007b0200000, 0x00000007b0200000, 0x00000007b0400000|  0%| F|  |TAMS 0x00000007b0200000, 0x00000007b0200000| Untracked 
|1410|0x00000007b0400000, 0x00000007b0400000, 0x00000007b0600000|  0%| F|  |TAMS 0x00000007b0400000, 0x00000007b0400000| Untracked 
|1411|0x00000007b0600000, 0x00000007b0600000, 0x00000007b0800000|  0%| F|  |TAMS 0x00000007b0600000, 0x00000007b0600000| Untracked 
|1412|0x00000007b0800000, 0x00000007b0800000, 0x00000007b0a00000|  0%| F|  |TAMS 0x00000007b0800000, 0x00000007b0800000| Untracked 
|1413|0x00000007b0a00000, 0x00000007b0a00000, 0x00000007b0c00000|  0%| F|  |TAMS 0x00000007b0a00000, 0x00000007b0a00000| Untracked 
|1414|0x00000007b0c00000, 0x00000007b0c00000, 0x00000007b0e00000|  0%| F|  |TAMS 0x00000007b0c00000, 0x00000007b0c00000| Untracked 
|1415|0x00000007b0e00000, 0x00000007b0e00000, 0x00000007b1000000|  0%| F|  |TAMS 0x00000007b0e00000, 0x00000007b0e00000| Untracked 
|1416|0x00000007b1000000, 0x00000007b1000000, 0x00000007b1200000|  0%| F|  |TAMS 0x00000007b1000000, 0x00000007b1000000| Untracked 
|1417|0x00000007b1200000, 0x00000007b1200000, 0x00000007b1400000|  0%| F|  |TAMS 0x00000007b1200000, 0x00000007b1200000| Untracked 
|1418|0x00000007b1400000, 0x00000007b1400000, 0x00000007b1600000|  0%| F|  |TAMS 0x00000007b1400000, 0x00000007b1400000| Untracked 
|1419|0x00000007b1600000, 0x00000007b1600000, 0x00000007b1800000|  0%| F|  |TAMS 0x00000007b1600000, 0x00000007b1600000| Untracked 
|1420|0x00000007b1800000, 0x00000007b1800000, 0x00000007b1a00000|  0%| F|  |TAMS 0x00000007b1800000, 0x00000007b1800000| Untracked 
|1421|0x00000007b1a00000, 0x00000007b1a00000, 0x00000007b1c00000|  0%| F|  |TAMS 0x00000007b1a00000, 0x00000007b1a00000| Untracked 
|1422|0x00000007b1c00000, 0x00000007b1c00000, 0x00000007b1e00000|  0%| F|  |TAMS 0x00000007b1c00000, 0x00000007b1c00000| Untracked 
|1423|0x00000007b1e00000, 0x00000007b1e00000, 0x00000007b2000000|  0%| F|  |TAMS 0x00000007b1e00000, 0x00000007b1e00000| Untracked 
|1424|0x00000007b2000000, 0x00000007b2000000, 0x00000007b2200000|  0%| F|  |TAMS 0x00000007b2000000, 0x00000007b2000000| Untracked 
|1425|0x00000007b2200000, 0x00000007b2200000, 0x00000007b2400000|  0%| F|  |TAMS 0x00000007b2200000, 0x00000007b2200000| Untracked 
|1426|0x00000007b2400000, 0x00000007b2400000, 0x00000007b2600000|  0%| F|  |TAMS 0x00000007b2400000, 0x00000007b2400000| Untracked 
|1427|0x00000007b2600000, 0x00000007b2600000, 0x00000007b2800000|  0%| F|  |TAMS 0x00000007b2600000, 0x00000007b2600000| Untracked 
|1428|0x00000007b2800000, 0x00000007b2800000, 0x00000007b2a00000|  0%| F|  |TAMS 0x00000007b2800000, 0x00000007b2800000| Untracked 
|1429|0x00000007b2a00000, 0x00000007b2a00000, 0x00000007b2c00000|  0%| F|  |TAMS 0x00000007b2a00000, 0x00000007b2a00000| Untracked 
|1430|0x00000007b2c00000, 0x00000007b2c00000, 0x00000007b2e00000|  0%| F|  |TAMS 0x00000007b2c00000, 0x00000007b2c00000| Untracked 
|1431|0x00000007b2e00000, 0x00000007b2e00000, 0x00000007b3000000|  0%| F|  |TAMS 0x00000007b2e00000, 0x00000007b2e00000| Untracked 
|1432|0x00000007b3000000, 0x00000007b3000000, 0x00000007b3200000|  0%| F|  |TAMS 0x00000007b3000000, 0x00000007b3000000| Untracked 
|1433|0x00000007b3200000, 0x00000007b3200000, 0x00000007b3400000|  0%| F|  |TAMS 0x00000007b3200000, 0x00000007b3200000| Untracked 
|1434|0x00000007b3400000, 0x00000007b3400000, 0x00000007b3600000|  0%| F|  |TAMS 0x00000007b3400000, 0x00000007b3400000| Untracked 
|1435|0x00000007b3600000, 0x00000007b3600000, 0x00000007b3800000|  0%| F|  |TAMS 0x00000007b3600000, 0x00000007b3600000| Untracked 
|1436|0x00000007b3800000, 0x00000007b3800000, 0x00000007b3a00000|  0%| F|  |TAMS 0x00000007b3800000, 0x00000007b3800000| Untracked 
|1437|0x00000007b3a00000, 0x00000007b3a00000, 0x00000007b3c00000|  0%| F|  |TAMS 0x00000007b3a00000, 0x00000007b3a00000| Untracked 
|1438|0x00000007b3c00000, 0x00000007b3c00000, 0x00000007b3e00000|  0%| F|  |TAMS 0x00000007b3c00000, 0x00000007b3c00000| Untracked 
|1439|0x00000007b3e00000, 0x00000007b3e00000, 0x00000007b4000000|  0%| F|  |TAMS 0x00000007b3e00000, 0x00000007b3e00000| Untracked 
|1440|0x00000007b4000000, 0x00000007b4000000, 0x00000007b4200000|  0%| F|  |TAMS 0x00000007b4000000, 0x00000007b4000000| Untracked 
|1441|0x00000007b4200000, 0x00000007b4200000, 0x00000007b4400000|  0%| F|  |TAMS 0x00000007b4200000, 0x00000007b4200000| Untracked 
|1442|0x00000007b4400000, 0x00000007b4400000, 0x00000007b4600000|  0%| F|  |TAMS 0x00000007b4400000, 0x00000007b4400000| Untracked 
|1443|0x00000007b4600000, 0x00000007b4600000, 0x00000007b4800000|  0%| F|  |TAMS 0x00000007b4600000, 0x00000007b4600000| Untracked 
|1444|0x00000007b4800000, 0x00000007b4800000, 0x00000007b4a00000|  0%| F|  |TAMS 0x00000007b4800000, 0x00000007b4800000| Untracked 
|1445|0x00000007b4a00000, 0x00000007b4a00000, 0x00000007b4c00000|  0%| F|  |TAMS 0x00000007b4a00000, 0x00000007b4a00000| Untracked 
|1446|0x00000007b4c00000, 0x00000007b4c00000, 0x00000007b4e00000|  0%| F|  |TAMS 0x00000007b4c00000, 0x00000007b4c00000| Untracked 
|1447|0x00000007b4e00000, 0x00000007b4e00000, 0x00000007b5000000|  0%| F|  |TAMS 0x00000007b4e00000, 0x00000007b4e00000| Untracked 
|1448|0x00000007b5000000, 0x00000007b5000000, 0x00000007b5200000|  0%| F|  |TAMS 0x00000007b5000000, 0x00000007b5000000| Untracked 
|1449|0x00000007b5200000, 0x00000007b5200000, 0x00000007b5400000|  0%| F|  |TAMS 0x00000007b5200000, 0x00000007b5200000| Untracked 
|1450|0x00000007b5400000, 0x00000007b5400000, 0x00000007b5600000|  0%| F|  |TAMS 0x00000007b5400000, 0x00000007b5400000| Untracked 
|1451|0x00000007b5600000, 0x00000007b5600000, 0x00000007b5800000|  0%| F|  |TAMS 0x00000007b5600000, 0x00000007b5600000| Untracked 
|1452|0x00000007b5800000, 0x00000007b5800000, 0x00000007b5a00000|  0%| F|  |TAMS 0x00000007b5800000, 0x00000007b5800000| Untracked 
|1453|0x00000007b5a00000, 0x00000007b5a00000, 0x00000007b5c00000|  0%| F|  |TAMS 0x00000007b5a00000, 0x00000007b5a00000| Untracked 
|1454|0x00000007b5c00000, 0x00000007b5c00000, 0x00000007b5e00000|  0%| F|  |TAMS 0x00000007b5c00000, 0x00000007b5c00000| Untracked 
|1455|0x00000007b5e00000, 0x00000007b5e00000, 0x00000007b6000000|  0%| F|  |TAMS 0x00000007b5e00000, 0x00000007b5e00000| Untracked 
|1456|0x00000007b6000000, 0x00000007b6000000, 0x00000007b6200000|  0%| F|  |TAMS 0x00000007b6000000, 0x00000007b6000000| Untracked 
|1457|0x00000007b6200000, 0x00000007b6200000, 0x00000007b6400000|  0%| F|  |TAMS 0x00000007b6200000, 0x00000007b6200000| Untracked 
|1458|0x00000007b6400000, 0x00000007b6400000, 0x00000007b6600000|  0%| F|  |TAMS 0x00000007b6400000, 0x00000007b6400000| Untracked 
|1459|0x00000007b6600000, 0x00000007b6600000, 0x00000007b6800000|  0%| F|  |TAMS 0x00000007b6600000, 0x00000007b6600000| Untracked 
|1460|0x00000007b6800000, 0x00000007b6800000, 0x00000007b6a00000|  0%| F|  |TAMS 0x00000007b6800000, 0x00000007b6800000| Untracked 
|1461|0x00000007b6a00000, 0x00000007b6a00000, 0x00000007b6c00000|  0%| F|  |TAMS 0x00000007b6a00000, 0x00000007b6a00000| Untracked 
|1462|0x00000007b6c00000, 0x00000007b6c00000, 0x00000007b6e00000|  0%| F|  |TAMS 0x00000007b6c00000, 0x00000007b6c00000| Untracked 
|1463|0x00000007b6e00000, 0x00000007b6e00000, 0x00000007b7000000|  0%| F|  |TAMS 0x00000007b6e00000, 0x00000007b6e00000| Untracked 
|1464|0x00000007b7000000, 0x00000007b7000000, 0x00000007b7200000|  0%| F|  |TAMS 0x00000007b7000000, 0x00000007b7000000| Untracked 
|1465|0x00000007b7200000, 0x00000007b7200000, 0x00000007b7400000|  0%| F|  |TAMS 0x00000007b7200000, 0x00000007b7200000| Untracked 
|1466|0x00000007b7400000, 0x00000007b7400000, 0x00000007b7600000|  0%| F|  |TAMS 0x00000007b7400000, 0x00000007b7400000| Untracked 
|1467|0x00000007b7600000, 0x00000007b7600000, 0x00000007b7800000|  0%| F|  |TAMS 0x00000007b7600000, 0x00000007b7600000| Untracked 
|1468|0x00000007b7800000, 0x00000007b7800000, 0x00000007b7a00000|  0%| F|  |TAMS 0x00000007b7800000, 0x00000007b7800000| Untracked 
|1469|0x00000007b7a00000, 0x00000007b7a00000, 0x00000007b7c00000|  0%| F|  |TAMS 0x00000007b7a00000, 0x00000007b7a00000| Untracked 
|1470|0x00000007b7c00000, 0x00000007b7c00000, 0x00000007b7e00000|  0%| F|  |TAMS 0x00000007b7c00000, 0x00000007b7c00000| Untracked 
|1471|0x00000007b7e00000, 0x00000007b7e00000, 0x00000007b8000000|  0%| F|  |TAMS 0x00000007b7e00000, 0x00000007b7e00000| Untracked 
|1472|0x00000007b8000000, 0x00000007b8000000, 0x00000007b8200000|  0%| F|  |TAMS 0x00000007b8000000, 0x00000007b8000000| Untracked 
|1473|0x00000007b8200000, 0x00000007b8200000, 0x00000007b8400000|  0%| F|  |TAMS 0x00000007b8200000, 0x00000007b8200000| Untracked 
|1474|0x00000007b8400000, 0x00000007b8400000, 0x00000007b8600000|  0%| F|  |TAMS 0x00000007b8400000, 0x00000007b8400000| Untracked 
|1475|0x00000007b8600000, 0x00000007b8600000, 0x00000007b8800000|  0%| F|  |TAMS 0x00000007b8600000, 0x00000007b8600000| Untracked 
|1476|0x00000007b8800000, 0x00000007b8800000, 0x00000007b8a00000|  0%| F|  |TAMS 0x00000007b8800000, 0x00000007b8800000| Untracked 
|1477|0x00000007b8a00000, 0x00000007b8a00000, 0x00000007b8c00000|  0%| F|  |TAMS 0x00000007b8a00000, 0x00000007b8a00000| Untracked 
|1478|0x00000007b8c00000, 0x00000007b8c00000, 0x00000007b8e00000|  0%| F|  |TAMS 0x00000007b8c00000, 0x00000007b8c00000| Untracked 
|1479|0x00000007b8e00000, 0x00000007b8e00000, 0x00000007b9000000|  0%| F|  |TAMS 0x00000007b8e00000, 0x00000007b8e00000| Untracked 
|1480|0x00000007b9000000, 0x00000007b9000000, 0x00000007b9200000|  0%| F|  |TAMS 0x00000007b9000000, 0x00000007b9000000| Untracked 
|1481|0x00000007b9200000, 0x00000007b9200000, 0x00000007b9400000|  0%| F|  |TAMS 0x00000007b9200000, 0x00000007b9200000| Untracked 
|1482|0x00000007b9400000, 0x00000007b9400000, 0x00000007b9600000|  0%| F|  |TAMS 0x00000007b9400000, 0x00000007b9400000| Untracked 
|1483|0x00000007b9600000, 0x00000007b9600000, 0x00000007b9800000|  0%| F|  |TAMS 0x00000007b9600000, 0x00000007b9600000| Untracked 
|1484|0x00000007b9800000, 0x00000007b9800000, 0x00000007b9a00000|  0%| F|  |TAMS 0x00000007b9800000, 0x00000007b9800000| Untracked 
|1485|0x00000007b9a00000, 0x00000007b9a00000, 0x00000007b9c00000|  0%| F|  |TAMS 0x00000007b9a00000, 0x00000007b9a00000| Untracked 
|1486|0x00000007b9c00000, 0x00000007b9c00000, 0x00000007b9e00000|  0%| F|  |TAMS 0x00000007b9c00000, 0x00000007b9c00000| Untracked 
|1487|0x00000007b9e00000, 0x00000007b9e00000, 0x00000007ba000000|  0%| F|  |TAMS 0x00000007b9e00000, 0x00000007b9e00000| Untracked 
|1488|0x00000007ba000000, 0x00000007ba000000, 0x00000007ba200000|  0%| F|  |TAMS 0x00000007ba000000, 0x00000007ba000000| Untracked 
|1489|0x00000007ba200000, 0x00000007ba200000, 0x00000007ba400000|  0%| F|  |TAMS 0x00000007ba200000, 0x00000007ba200000| Untracked 
|1490|0x00000007ba400000, 0x00000007ba400000, 0x00000007ba600000|  0%| F|  |TAMS 0x00000007ba400000, 0x00000007ba400000| Untracked 
|1491|0x00000007ba600000, 0x00000007ba600000, 0x00000007ba800000|  0%| F|  |TAMS 0x00000007ba600000, 0x00000007ba600000| Untracked 
|1492|0x00000007ba800000, 0x00000007ba800000, 0x00000007baa00000|  0%| F|  |TAMS 0x00000007ba800000, 0x00000007ba800000| Untracked 
|1493|0x00000007baa00000, 0x00000007baa00000, 0x00000007bac00000|  0%| F|  |TAMS 0x00000007baa00000, 0x00000007baa00000| Untracked 
|1494|0x00000007bac00000, 0x00000007bac00000, 0x00000007bae00000|  0%| F|  |TAMS 0x00000007bac00000, 0x00000007bac00000| Untracked 
|1495|0x00000007bae00000, 0x00000007bae00000, 0x00000007bb000000|  0%| F|  |TAMS 0x00000007bae00000, 0x00000007bae00000| Untracked 
|1496|0x00000007bb000000, 0x00000007bb000000, 0x00000007bb200000|  0%| F|  |TAMS 0x00000007bb000000, 0x00000007bb000000| Untracked 
|1497|0x00000007bb200000, 0x00000007bb200000, 0x00000007bb400000|  0%| F|  |TAMS 0x00000007bb200000, 0x00000007bb200000| Untracked 
|1498|0x00000007bb400000, 0x00000007bb400000, 0x00000007bb600000|  0%| F|  |TAMS 0x00000007bb400000, 0x00000007bb400000| Untracked 
|1499|0x00000007bb600000, 0x00000007bb600000, 0x00000007bb800000|  0%| F|  |TAMS 0x00000007bb600000, 0x00000007bb600000| Untracked 
|1500|0x00000007bb800000, 0x00000007bb800000, 0x00000007bba00000|  0%| F|  |TAMS 0x00000007bb800000, 0x00000007bb800000| Untracked 
|1501|0x00000007bba00000, 0x00000007bba00000, 0x00000007bbc00000|  0%| F|  |TAMS 0x00000007bba00000, 0x00000007bba00000| Untracked 
|1502|0x00000007bbc00000, 0x00000007bbc00000, 0x00000007bbe00000|  0%| F|  |TAMS 0x00000007bbc00000, 0x00000007bbc00000| Untracked 
|1503|0x00000007bbe00000, 0x00000007bbe00000, 0x00000007bc000000|  0%| F|  |TAMS 0x00000007bbe00000, 0x00000007bbe00000| Untracked 
|1504|0x00000007bc000000, 0x00000007bc000000, 0x00000007bc200000|  0%| F|  |TAMS 0x00000007bc000000, 0x00000007bc000000| Untracked 
|1505|0x00000007bc200000, 0x00000007bc200000, 0x00000007bc400000|  0%| F|  |TAMS 0x00000007bc200000, 0x00000007bc200000| Untracked 
|1506|0x00000007bc400000, 0x00000007bc400000, 0x00000007bc600000|  0%| F|  |TAMS 0x00000007bc400000, 0x00000007bc400000| Untracked 
|1507|0x00000007bc600000, 0x00000007bc600000, 0x00000007bc800000|  0%| F|  |TAMS 0x00000007bc600000, 0x00000007bc600000| Untracked 
|1508|0x00000007bc800000, 0x00000007bc800000, 0x00000007bca00000|  0%| F|  |TAMS 0x00000007bc800000, 0x00000007bc800000| Untracked 
|1509|0x00000007bca00000, 0x00000007bca00000, 0x00000007bcc00000|  0%| F|  |TAMS 0x00000007bca00000, 0x00000007bca00000| Untracked 
|1510|0x00000007bcc00000, 0x00000007bcc00000, 0x00000007bce00000|  0%| F|  |TAMS 0x00000007bcc00000, 0x00000007bcc00000| Untracked 
|1511|0x00000007bce00000, 0x00000007bce00000, 0x00000007bd000000|  0%| F|  |TAMS 0x00000007bce00000, 0x00000007bce00000| Untracked 
|1512|0x00000007bd000000, 0x00000007bd000000, 0x00000007bd200000|  0%| F|  |TAMS 0x00000007bd000000, 0x00000007bd000000| Untracked 
|1513|0x00000007bd200000, 0x00000007bd200000, 0x00000007bd400000|  0%| F|  |TAMS 0x00000007bd200000, 0x00000007bd200000| Untracked 
|1514|0x00000007bd400000, 0x00000007bd400000, 0x00000007bd600000|  0%| F|  |TAMS 0x00000007bd400000, 0x00000007bd400000| Untracked 
|1515|0x00000007bd600000, 0x00000007bd600000, 0x00000007bd800000|  0%| F|  |TAMS 0x00000007bd600000, 0x00000007bd600000| Untracked 
|1516|0x00000007bd800000, 0x00000007bd800000, 0x00000007bda00000|  0%| F|  |TAMS 0x00000007bd800000, 0x00000007bd800000| Untracked 
|1517|0x00000007bda00000, 0x00000007bda00000, 0x00000007bdc00000|  0%| F|  |TAMS 0x00000007bda00000, 0x00000007bda00000| Untracked 
|1518|0x00000007bdc00000, 0x00000007bdc00000, 0x00000007bde00000|  0%| F|  |TAMS 0x00000007bdc00000, 0x00000007bdc00000| Untracked 
|1519|0x00000007bde00000, 0x00000007bde00000, 0x00000007be000000|  0%| F|  |TAMS 0x00000007bde00000, 0x00000007bde00000| Untracked 
|1520|0x00000007be000000, 0x00000007be000000, 0x00000007be200000|  0%| F|  |TAMS 0x00000007be000000, 0x00000007be000000| Untracked 
|1521|0x00000007be200000, 0x00000007be200000, 0x00000007be400000|  0%| F|  |TAMS 0x00000007be200000, 0x00000007be200000| Untracked 
|1522|0x00000007be400000, 0x00000007be400000, 0x00000007be600000|  0%| F|  |TAMS 0x00000007be400000, 0x00000007be400000| Untracked 
|1523|0x00000007be600000, 0x00000007be600000, 0x00000007be800000|  0%| F|  |TAMS 0x00000007be600000, 0x00000007be600000| Untracked 
|1524|0x00000007be800000, 0x00000007be800000, 0x00000007bea00000|  0%| F|  |TAMS 0x00000007be800000, 0x00000007be800000| Untracked 
|1525|0x00000007bea00000, 0x00000007bea00000, 0x00000007bec00000|  0%| F|  |TAMS 0x00000007bea00000, 0x00000007bea00000| Untracked 
|1526|0x00000007bec00000, 0x00000007bede55d8, 0x00000007bee00000| 94%| S|CS|TAMS 0x00000007bec00000, 0x00000007bec00000| Complete 
|1527|0x00000007bee00000, 0x00000007bf000000, 0x00000007bf000000|100%| S|CS|TAMS 0x00000007bee00000, 0x00000007bee00000| Complete 
|1528|0x00000007bf000000, 0x00000007bf200000, 0x00000007bf200000|100%| S|CS|TAMS 0x00000007bf000000, 0x00000007bf000000| Complete 
|1529|0x00000007bf200000, 0x00000007bf200000, 0x00000007bf400000|  0%| F|  |TAMS 0x00000007bf200000, 0x00000007bf200000| Untracked 
|1530|0x00000007bf400000, 0x00000007bf400000, 0x00000007bf600000|  0%| F|  |TAMS 0x00000007bf400000, 0x00000007bf400000| Untracked 
|1531|0x00000007bf600000, 0x00000007bf600000, 0x00000007bf800000|  0%| F|  |TAMS 0x00000007bf600000, 0x00000007bf600000| Untracked 
|1532|0x00000007bf800000, 0x00000007bf800000, 0x00000007bfa00000|  0%| F|  |TAMS 0x00000007bf800000, 0x00000007bf800000| Untracked 
|1533|0x00000007bfa00000, 0x00000007bfc00000, 0x00000007bfc00000|100%| S|CS|TAMS 0x00000007bfa00000, 0x00000007bfa00000| Complete 
|1534|0x00000007bfc00000, 0x00000007bfc00000, 0x00000007bfe00000|  0%| F|  |TAMS 0x00000007bfc00000, 0x00000007bfc00000| Untracked 
|1535|0x00000007bfe00000, 0x00000007bfe00000, 0x00000007c0000000|  0%| F|  |TAMS 0x00000007bfe00000, 0x00000007bfe00000| Untracked 
|1536|0x00000007c0000000, 0x00000007c0000000, 0x00000007c0200000|  0%| F|  |TAMS 0x00000007c0000000, 0x00000007c0000000| Untracked 
|1537|0x00000007c0200000, 0x00000007c0200000, 0x00000007c0400000|  0%| F|  |TAMS 0x00000007c0200000, 0x00000007c0200000| Untracked 
|1538|0x00000007c0400000, 0x00000007c0400000, 0x00000007c0600000|  0%| F|  |TAMS 0x00000007c0400000, 0x00000007c0400000| Untracked 
|1539|0x00000007c0600000, 0x00000007c0600000, 0x00000007c0800000|  0%| F|  |TAMS 0x00000007c0600000, 0x00000007c0600000| Untracked 
|1540|0x00000007c0800000, 0x00000007c0800000, 0x00000007c0a00000|  0%| F|  |TAMS 0x00000007c0800000, 0x00000007c0800000| Untracked 
|1541|0x00000007c0a00000, 0x00000007c0a00000, 0x00000007c0c00000|  0%| F|  |TAMS 0x00000007c0a00000, 0x00000007c0a00000| Untracked 
|1542|0x00000007c0c00000, 0x00000007c0c00000, 0x00000007c0e00000|  0%| F|  |TAMS 0x00000007c0c00000, 0x00000007c0c00000| Untracked 
|1543|0x00000007c0e00000, 0x00000007c0e00000, 0x00000007c1000000|  0%| F|  |TAMS 0x00000007c0e00000, 0x00000007c0e00000| Untracked 
|1544|0x00000007c1000000, 0x00000007c1000000, 0x00000007c1200000|  0%| F|  |TAMS 0x00000007c1000000, 0x00000007c1000000| Untracked 
|1545|0x00000007c1200000, 0x00000007c1200000, 0x00000007c1400000|  0%| F|  |TAMS 0x00000007c1200000, 0x00000007c1200000| Untracked 
|1546|0x00000007c1400000, 0x00000007c1400000, 0x00000007c1600000|  0%| F|  |TAMS 0x00000007c1400000, 0x00000007c1400000| Untracked 
|1547|0x00000007c1600000, 0x00000007c1600000, 0x00000007c1800000|  0%| F|  |TAMS 0x00000007c1600000, 0x00000007c1600000| Untracked 
|1548|0x00000007c1800000, 0x00000007c1800000, 0x00000007c1a00000|  0%| F|  |TAMS 0x00000007c1800000, 0x00000007c1800000| Untracked 
|1549|0x00000007c1a00000, 0x00000007c1a00000, 0x00000007c1c00000|  0%| F|  |TAMS 0x00000007c1a00000, 0x00000007c1a00000| Untracked 
|1550|0x00000007c1c00000, 0x00000007c1c00000, 0x00000007c1e00000|  0%| F|  |TAMS 0x00000007c1c00000, 0x00000007c1c00000| Untracked 
|1551|0x00000007c1e00000, 0x00000007c1e00000, 0x00000007c2000000|  0%| F|  |TAMS 0x00000007c1e00000, 0x00000007c1e00000| Untracked 
|1552|0x00000007c2000000, 0x00000007c2000000, 0x00000007c2200000|  0%| F|  |TAMS 0x00000007c2000000, 0x00000007c2000000| Untracked 
|1553|0x00000007c2200000, 0x00000007c2200000, 0x00000007c2400000|  0%| F|  |TAMS 0x00000007c2200000, 0x00000007c2200000| Untracked 
|1554|0x00000007c2400000, 0x00000007c2400000, 0x00000007c2600000|  0%| F|  |TAMS 0x00000007c2400000, 0x00000007c2400000| Untracked 
|1555|0x00000007c2600000, 0x00000007c2600000, 0x00000007c2800000|  0%| F|  |TAMS 0x00000007c2600000, 0x00000007c2600000| Untracked 
|1556|0x00000007c2800000, 0x00000007c2800000, 0x00000007c2a00000|  0%| F|  |TAMS 0x00000007c2800000, 0x00000007c2800000| Untracked 
|1557|0x00000007c2a00000, 0x00000007c2a00000, 0x00000007c2c00000|  0%| F|  |TAMS 0x00000007c2a00000, 0x00000007c2a00000| Untracked 
|1558|0x00000007c2c00000, 0x00000007c2c00000, 0x00000007c2e00000|  0%| F|  |TAMS 0x00000007c2c00000, 0x00000007c2c00000| Untracked 
|1559|0x00000007c2e00000, 0x00000007c2e00000, 0x00000007c3000000|  0%| F|  |TAMS 0x00000007c2e00000, 0x00000007c2e00000| Untracked 
|1560|0x00000007c3000000, 0x00000007c3000000, 0x00000007c3200000|  0%| F|  |TAMS 0x00000007c3000000, 0x00000007c3000000| Untracked 
|1561|0x00000007c3200000, 0x00000007c3200000, 0x00000007c3400000|  0%| F|  |TAMS 0x00000007c3200000, 0x00000007c3200000| Untracked 
|1562|0x00000007c3400000, 0x00000007c3400000, 0x00000007c3600000|  0%| F|  |TAMS 0x00000007c3400000, 0x00000007c3400000| Untracked 
|1563|0x00000007c3600000, 0x00000007c3600000, 0x00000007c3800000|  0%| F|  |TAMS 0x00000007c3600000, 0x00000007c3600000| Untracked 
|1564|0x00000007c3800000, 0x00000007c3800000, 0x00000007c3a00000|  0%| F|  |TAMS 0x00000007c3800000, 0x00000007c3800000| Untracked 
|1565|0x00000007c3a00000, 0x00000007c3a00000, 0x00000007c3c00000|  0%| F|  |TAMS 0x00000007c3a00000, 0x00000007c3a00000| Untracked 
|1566|0x00000007c3c00000, 0x00000007c3c00000, 0x00000007c3e00000|  0%| F|  |TAMS 0x00000007c3c00000, 0x00000007c3c00000| Untracked 
|1567|0x00000007c3e00000, 0x00000007c3e00000, 0x00000007c4000000|  0%| F|  |TAMS 0x00000007c3e00000, 0x00000007c3e00000| Untracked 
|1568|0x00000007c4000000, 0x00000007c4000000, 0x00000007c4200000|  0%| F|  |TAMS 0x00000007c4000000, 0x00000007c4000000| Untracked 
|1569|0x00000007c4200000, 0x00000007c4200000, 0x00000007c4400000|  0%| F|  |TAMS 0x00000007c4200000, 0x00000007c4200000| Untracked 
|1570|0x00000007c4400000, 0x00000007c4400000, 0x00000007c4600000|  0%| F|  |TAMS 0x00000007c4400000, 0x00000007c4400000| Untracked 
|1571|0x00000007c4600000, 0x00000007c4600000, 0x00000007c4800000|  0%| F|  |TAMS 0x00000007c4600000, 0x00000007c4600000| Untracked 
|1572|0x00000007c4800000, 0x00000007c4800000, 0x00000007c4a00000|  0%| F|  |TAMS 0x00000007c4800000, 0x00000007c4800000| Untracked 
|1573|0x00000007c4a00000, 0x00000007c4a00000, 0x00000007c4c00000|  0%| F|  |TAMS 0x00000007c4a00000, 0x00000007c4a00000| Untracked 
|1574|0x00000007c4c00000, 0x00000007c4c00000, 0x00000007c4e00000|  0%| F|  |TAMS 0x00000007c4c00000, 0x00000007c4c00000| Untracked 
|1575|0x00000007c4e00000, 0x00000007c4e00000, 0x00000007c5000000|  0%| F|  |TAMS 0x00000007c4e00000, 0x00000007c4e00000| Untracked 
|1576|0x00000007c5000000, 0x00000007c5000000, 0x00000007c5200000|  0%| F|  |TAMS 0x00000007c5000000, 0x00000007c5000000| Untracked 
|1577|0x00000007c5200000, 0x00000007c5200000, 0x00000007c5400000|  0%| F|  |TAMS 0x00000007c5200000, 0x00000007c5200000| Untracked 
|1578|0x00000007c5400000, 0x00000007c5400000, 0x00000007c5600000|  0%| F|  |TAMS 0x00000007c5400000, 0x00000007c5400000| Untracked 
|1579|0x00000007c5600000, 0x00000007c5600000, 0x00000007c5800000|  0%| F|  |TAMS 0x00000007c5600000, 0x00000007c5600000| Untracked 
|1580|0x00000007c5800000, 0x00000007c5800000, 0x00000007c5a00000|  0%| F|  |TAMS 0x00000007c5800000, 0x00000007c5800000| Untracked 
|1581|0x00000007c5a00000, 0x00000007c5a00000, 0x00000007c5c00000|  0%| F|  |TAMS 0x00000007c5a00000, 0x00000007c5a00000| Untracked 
|1582|0x00000007c5c00000, 0x00000007c5c00000, 0x00000007c5e00000|  0%| F|  |TAMS 0x00000007c5c00000, 0x00000007c5c00000| Untracked 
|1583|0x00000007c5e00000, 0x00000007c5e00000, 0x00000007c6000000|  0%| F|  |TAMS 0x00000007c5e00000, 0x00000007c5e00000| Untracked 
|1584|0x00000007c6000000, 0x00000007c6000000, 0x00000007c6200000|  0%| F|  |TAMS 0x00000007c6000000, 0x00000007c6000000| Untracked 
|1585|0x00000007c6200000, 0x00000007c6200000, 0x00000007c6400000|  0%| F|  |TAMS 0x00000007c6200000, 0x00000007c6200000| Untracked 
|1586|0x00000007c6400000, 0x00000007c6400000, 0x00000007c6600000|  0%| F|  |TAMS 0x00000007c6400000, 0x00000007c6400000| Untracked 
|1587|0x00000007c6600000, 0x00000007c6600000, 0x00000007c6800000|  0%| F|  |TAMS 0x00000007c6600000, 0x00000007c6600000| Untracked 
|1588|0x00000007c6800000, 0x00000007c6800000, 0x00000007c6a00000|  0%| F|  |TAMS 0x00000007c6800000, 0x00000007c6800000| Untracked 
|1589|0x00000007c6a00000, 0x00000007c6a00000, 0x00000007c6c00000|  0%| F|  |TAMS 0x00000007c6a00000, 0x00000007c6a00000| Untracked 
|1590|0x00000007c6c00000, 0x00000007c6c00000, 0x00000007c6e00000|  0%| F|  |TAMS 0x00000007c6c00000, 0x00000007c6c00000| Untracked 
|1591|0x00000007c6e00000, 0x00000007c6e00000, 0x00000007c7000000|  0%| F|  |TAMS 0x00000007c6e00000, 0x00000007c6e00000| Untracked 
|1592|0x00000007c7000000, 0x00000007c7000000, 0x00000007c7200000|  0%| F|  |TAMS 0x00000007c7000000, 0x00000007c7000000| Untracked 
|1593|0x00000007c7200000, 0x00000007c7200000, 0x00000007c7400000|  0%| F|  |TAMS 0x00000007c7200000, 0x00000007c7200000| Untracked 
|1594|0x00000007c7400000, 0x00000007c7400000, 0x00000007c7600000|  0%| F|  |TAMS 0x00000007c7400000, 0x00000007c7400000| Untracked 
|1595|0x00000007c7600000, 0x00000007c7600000, 0x00000007c7800000|  0%| F|  |TAMS 0x00000007c7600000, 0x00000007c7600000| Untracked 
|1596|0x00000007c7800000, 0x00000007c7800000, 0x00000007c7a00000|  0%| F|  |TAMS 0x00000007c7800000, 0x00000007c7800000| Untracked 
|1597|0x00000007c7a00000, 0x00000007c7a00000, 0x00000007c7c00000|  0%| F|  |TAMS 0x00000007c7a00000, 0x00000007c7a00000| Untracked 
|1598|0x00000007c7c00000, 0x00000007c7c00000, 0x00000007c7e00000|  0%| F|  |TAMS 0x00000007c7c00000, 0x00000007c7c00000| Untracked 
|1599|0x00000007c7e00000, 0x00000007c7e00000, 0x00000007c8000000|  0%| F|  |TAMS 0x00000007c7e00000, 0x00000007c7e00000| Untracked 
|1600|0x00000007c8000000, 0x00000007c8000000, 0x00000007c8200000|  0%| F|  |TAMS 0x00000007c8000000, 0x00000007c8000000| Untracked 
|1601|0x00000007c8200000, 0x00000007c8200000, 0x00000007c8400000|  0%| F|  |TAMS 0x00000007c8200000, 0x00000007c8200000| Untracked 
|1602|0x00000007c8400000, 0x00000007c8400000, 0x00000007c8600000|  0%| F|  |TAMS 0x00000007c8400000, 0x00000007c8400000| Untracked 
|1603|0x00000007c8600000, 0x00000007c8600000, 0x00000007c8800000|  0%| F|  |TAMS 0x00000007c8600000, 0x00000007c8600000| Untracked 
|1604|0x00000007c8800000, 0x00000007c8800000, 0x00000007c8a00000|  0%| F|  |TAMS 0x00000007c8800000, 0x00000007c8800000| Untracked 
|1605|0x00000007c8a00000, 0x00000007c8a00000, 0x00000007c8c00000|  0%| F|  |TAMS 0x00000007c8a00000, 0x00000007c8a00000| Untracked 
|1606|0x00000007c8c00000, 0x00000007c8c00000, 0x00000007c8e00000|  0%| F|  |TAMS 0x00000007c8c00000, 0x00000007c8c00000| Untracked 
|1607|0x00000007c8e00000, 0x00000007c8e00000, 0x00000007c9000000|  0%| F|  |TAMS 0x00000007c8e00000, 0x00000007c8e00000| Untracked 
|1608|0x00000007c9000000, 0x00000007c9000000, 0x00000007c9200000|  0%| F|  |TAMS 0x00000007c9000000, 0x00000007c9000000| Untracked 
|1609|0x00000007c9200000, 0x00000007c9200000, 0x00000007c9400000|  0%| F|  |TAMS 0x00000007c9200000, 0x00000007c9200000| Untracked 
|2046|0x00000007ffc00000, 0x00000007ffe00000, 0x00000007ffe00000|100%| O|  |TAMS 0x00000007ffe00000, 0x00000007ffc00000| Untracked 
|2047|0x00000007ffe00000, 0x0000000800000000, 0x0000000800000000|100%| O|  |TAMS 0x0000000800000000, 0x00000007ffe00000| Untracked 

Card table byte_map: [0x000002c7796f0000,0x000002c779ef0000] _byte_map_base: 0x000002c775ef0000

Marking Bits (Prev, Next): (CMBitMap*) 0x000002c770eb5b70, (CMBitMap*) 0x000002c770eb5bb0
 Prev Bits: [0x000002c77a6f0000, 0x000002c77e6f0000)
 Next Bits: [0x000002c70f000000, 0x000002c713000000)

Polling page: 0x000002c76ecd0000

Metaspace:

Usage:
  Non-class:    128.65 MB used.
      Class:     20.77 MB used.
       Both:    149.43 MB used.

Virtual space:
  Non-class space:      192.00 MB reserved,     130.06 MB ( 68%) committed,  3 nodes.
      Class space:      416.00 MB reserved,      22.06 MB (  5%) committed,  1 nodes.
             Both:      608.00 MB reserved,     152.12 MB ( 25%) committed. 

Chunk freelists:
   Non-Class:  13.91 MB
       Class:  9.94 MB
        Both:  23.84 MB

MaxMetaspaceSize: 512.00 MB
CompressedClassSpaceSize: 416.00 MB
Initial GC threshold: 21.00 MB
Current GC threshold: 251.19 MB
CDS: on
MetaspaceReclaimPolicy: balanced
 - commit_granule_bytes: 65536.
 - commit_granule_words: 8192.
 - virtual_space_node_default_size: 8388608.
 - enlarge_chunks_in_place: 1.
 - new_chunks_are_fully_committed: 0.
 - uncommit_free_chunks: 1.
 - use_allocation_guard: 0.
 - handle_deallocations: 1.


Internal statistics:

num_allocs_failed_limit: 29.
num_arena_births: 4230.
num_arena_deaths: 66.
num_vsnodes_births: 4.
num_vsnodes_deaths: 0.
num_space_committed: 2433.
num_space_uncommitted: 0.
num_chunks_returned_to_freelist: 126.
num_chunks_taken_from_freelist: 11857.
num_chunk_merges: 51.
num_chunk_splits: 7282.
num_chunks_enlarged: 4123.
num_inconsistent_stats: 0.

CodeHeap 'non-profiled nmethods': size=120000Kb used=16930Kb max_used=16967Kb free=103069Kb
 bounds [0x000002c707ad0000, 0x000002c708b80000, 0x000002c70f000000]
CodeHeap 'profiled nmethods': size=120000Kb used=54758Kb max_used=54758Kb free=65241Kb
 bounds [0x000002c700000000, 0x000002c7035d0000, 0x000002c707530000]
CodeHeap 'non-nmethods': size=5760Kb used=2545Kb max_used=2612Kb free=3214Kb
 bounds [0x000002c707530000, 0x000002c7077d0000, 0x000002c707ad0000]
 total_blobs=25969 nmethods=24881 adapters=998
 compilation: enabled
              stopped_count=0, restarted_count=0
 full_count=0

Compilation events (20 events):
Event: 109.480 Thread 0x000002c77f276c30 nmethod 32596 0x000002c70879b910 code [0x000002c70879baa0, 0x000002c70879bb78]
Event: 109.481 Thread 0x000002c77f276c30 32597       2       com.android.tools.r8.internal.rn0::<init> (10 bytes)
Event: 109.481 Thread 0x000002c77f276c30 nmethod 32597 0x000002c7026a6f10 code [0x000002c7026a70c0, 0x000002c7026a71e8]
Event: 109.482 Thread 0x000002c77f276c30 32598       2       com.android.tools.r8.internal.G1$$Lambda$4479/0x000002c717515228::apply (12 bytes)
Event: 109.482 Thread 0x000002c77f276c30 nmethod 32598 0x000002c7032b4490 code [0x000002c7032b4640, 0x000002c7032b4838]
Event: 109.482 Thread 0x000002c77f276c30 32600       2       com.android.tools.r8.internal.Dp::a (32 bytes)
Event: 109.563 Thread 0x000002c77f276c30 nmethod 32600 0x000002c7032b3f90 code [0x000002c7032b4140, 0x000002c7032b42e8]
Event: 109.563 Thread 0x000002c77f276c30 32604       3       com.android.tools.r8.internal.uq::b (8 bytes)
Event: 109.563 Thread 0x000002c77f276c30 nmethod 32604 0x000002c7032b3b10 code [0x000002c7032b3cc0, 0x000002c7032b3ed8]
Event: 109.563 Thread 0x000002c77f276c30 32603       3       com.android.tools.r8.internal.Yq::a (12 bytes)
Event: 109.564 Thread 0x000002c77f276c30 nmethod 32603 0x000002c7032b3610 code [0x000002c7032b37c0, 0x000002c7032b3988]
Event: 109.564 Thread 0x000002c77f276c30 32601       1       com.android.tools.r8.internal.Lo::v (4 bytes)
Event: 109.564 Thread 0x000002c77f276c30 nmethod 32601 0x000002c70879b610 code [0x000002c70879b7a0, 0x000002c70879b878]
Event: 109.604 Thread 0x000002c77f276c30 32605       2       com.android.tools.r8.synthesis.z::a (92 bytes)
Event: 109.605 Thread 0x000002c77f276c30 nmethod 32605 0x000002c7032b2e90 code [0x000002c7032b3060, 0x000002c7032b33c8]
Event: 109.606 Thread 0x000002c77f276c30 32606       3       com.android.tools.r8.synthesis.z$$Lambda$5182/0x000002c7175e0c68::accept (16 bytes)
Event: 109.606 Thread 0x000002c77f276c30 nmethod 32606 0x000002c7032b2710 code [0x000002c7032b28c0, 0x000002c7032b2b28]
Event: 109.606 Thread 0x000002c77f276c30 32607       3       com.android.tools.r8.synthesis.z::a (78 bytes)
Event: 109.607 Thread 0x000002c77f276c30 nmethod 32607 0x000002c70280c110 code [0x000002c70280c360, 0x000002c70280ced8]
Event: 112.981 Thread 0x000002c77f276c30 32612       3       com.android.tools.r8.references.ArrayReference::<init> (41 bytes)

GC Heap History (20 events):
Event: 102.513 GC heap after
{Heap after GC invocations=113 (full 0):
 garbage-first heap   total 1710080K, used 527431K [0x0000000700000000, 0x0000000800000000)
  region size 2048K, 11 young (22528K), 11 survivors (22528K)
 Metaspace       used 152994K, committed 155776K, reserved 622592K
  class space    used 21271K, committed 22592K, reserved 425984K
}
Event: 102.642 GC heap before
{Heap before GC invocations=113 (full 0):
 garbage-first heap   total 1710080K, used 586823K [0x0000000700000000, 0x0000000800000000)
  region size 2048K, 41 young (83968K), 11 survivors (22528K)
 Metaspace       used 153003K, committed 155776K, reserved 622592K
  class space    used 21272K, committed 22592K, reserved 425984K
}
Event: 104.357 GC heap after
{Heap after GC invocations=114 (full 0):
 garbage-first heap   total 1710080K, used 534201K [0x0000000700000000, 0x0000000800000000)
  region size 2048K, 5 young (10240K), 5 survivors (10240K)
 Metaspace       used 153003K, committed 155776K, reserved 622592K
  class space    used 21272K, committed 22592K, reserved 425984K
}
Event: 104.549 GC heap before
{Heap before GC invocations=114 (full 0):
 garbage-first heap   total 1710080K, used 607929K [0x0000000700000000, 0x0000000800000000)
  region size 2048K, 41 young (83968K), 5 survivors (10240K)
 Metaspace       used 153005K, committed 155776K, reserved 622592K
  class space    used 21272K, committed 22592K, reserved 425984K
}
Event: 105.357 GC heap after
{Heap after GC invocations=115 (full 0):
 garbage-first heap   total 2705408K, used 534419K [0x0000000700000000, 0x0000000800000000)
  region size 2048K, 6 young (12288K), 6 survivors (12288K)
 Metaspace       used 153005K, committed 155776K, reserved 622592K
  class space    used 21272K, committed 22592K, reserved 425984K
}
Event: 106.558 GC heap before
{Heap before GC invocations=115 (full 0):
 garbage-first heap   total 2705408K, used 659347K [0x0000000700000000, 0x0000000800000000)
  region size 2048K, 66 young (135168K), 6 survivors (12288K)
 Metaspace       used 153005K, committed 155776K, reserved 622592K
  class space    used 21272K, committed 22592K, reserved 425984K
}
Event: 107.565 GC heap after
{Heap after GC invocations=116 (full 0):
 garbage-first heap   total 2705408K, used 537962K [0x0000000700000000, 0x0000000800000000)
  region size 2048K, 2 young (4096K), 2 survivors (4096K)
 Metaspace       used 153005K, committed 155776K, reserved 622592K
  class space    used 21272K, committed 22592K, reserved 425984K
}
Event: 107.915 GC heap before
{Heap before GC invocations=116 (full 0):
 garbage-first heap   total 2705408K, used 669034K [0x0000000700000000, 0x0000000800000000)
  region size 2048K, 66 young (135168K), 2 survivors (4096K)
 Metaspace       used 153006K, committed 155776K, reserved 622592K
  class space    used 21272K, committed 22592K, reserved 425984K
}
Event: 108.300 GC heap after
{Heap after GC invocations=117 (full 0):
 garbage-first heap   total 2705408K, used 538085K [0x0000000700000000, 0x0000000800000000)
  region size 2048K, 3 young (6144K), 3 survivors (6144K)
 Metaspace       used 153006K, committed 155776K, reserved 622592K
  class space    used 21272K, committed 22592K, reserved 425984K
}
Event: 108.564 GC heap before
{Heap before GC invocations=117 (full 0):
 garbage-first heap   total 2705408K, used 667109K [0x0000000700000000, 0x0000000800000000)
  region size 2048K, 66 young (135168K), 3 survivors (6144K)
 Metaspace       used 153009K, committed 155776K, reserved 622592K
  class space    used 21272K, committed 22592K, reserved 425984K
}
Event: 108.818 GC heap after
{Heap after GC invocations=118 (full 0):
 garbage-first heap   total 2705408K, used 538150K [0x0000000700000000, 0x0000000800000000)
  region size 2048K, 3 young (6144K), 3 survivors (6144K)
 Metaspace       used 153009K, committed 155776K, reserved 622592K
  class space    used 21272K, committed 22592K, reserved 425984K
}
Event: 109.095 GC heap before
{Heap before GC invocations=118 (full 0):
 garbage-first heap   total 2705408K, used 667174K [0x0000000700000000, 0x0000000800000000)
  region size 2048K, 66 young (135168K), 3 survivors (6144K)
 Metaspace       used 153009K, committed 155776K, reserved 622592K
  class space    used 21272K, committed 22592K, reserved 425984K
}
Event: 109.412 GC heap after
{Heap after GC invocations=119 (full 0):
 garbage-first heap   total 3301376K, used 539234K [0x0000000700000000, 0x0000000800000000)
  region size 2048K, 3 young (6144K), 3 survivors (6144K)
 Metaspace       used 153009K, committed 155776K, reserved 622592K
  class space    used 21272K, committed 22592K, reserved 425984K
}
Event: 110.118 GC heap before
{Heap before GC invocations=119 (full 0):
 garbage-first heap   total 3301376K, used 696930K [0x0000000700000000, 0x0000000800000000)
  region size 2048K, 80 young (163840K), 3 survivors (6144K)
 Metaspace       used 153011K, committed 155776K, reserved 622592K
  class space    used 21272K, committed 22592K, reserved 425984K
}
Event: 112.197 GC heap after
{Heap after GC invocations=120 (full 0):
 garbage-first heap   total 3301376K, used 540137K [0x0000000700000000, 0x0000000800000000)
  region size 2048K, 4 young (8192K), 4 survivors (8192K)
 Metaspace       used 153011K, committed 155776K, reserved 622592K
  class space    used 21272K, committed 22592K, reserved 425984K
}
Event: 113.180 GC heap before
{Heap before GC invocations=120 (full 0):
 garbage-first heap   total 3301376K, used 695785K [0x0000000700000000, 0x0000000800000000)
  region size 2048K, 80 young (163840K), 4 survivors (8192K)
 Metaspace       used 153012K, committed 155776K, reserved 622592K
  class space    used 21272K, committed 22592K, reserved 425984K
}
Event: 113.977 GC heap after
{Heap after GC invocations=121 (full 0):
 garbage-first heap   total 3301376K, used 541016K [0x0000000700000000, 0x0000000800000000)
  region size 2048K, 4 young (8192K), 4 survivors (8192K)
 Metaspace       used 153012K, committed 155776K, reserved 622592K
  class space    used 21272K, committed 22592K, reserved 425984K
}
Event: 114.313 GC heap before
{Heap before GC invocations=121 (full 0):
 garbage-first heap   total 3301376K, used 694616K [0x0000000700000000, 0x0000000800000000)
  region size 2048K, 80 young (163840K), 4 survivors (8192K)
 Metaspace       used 153012K, committed 155776K, reserved 622592K
  class space    used 21272K, committed 22592K, reserved 425984K
}
Event: 114.682 GC heap after
{Heap after GC invocations=122 (full 0):
 garbage-first heap   total 3301376K, used 541253K [0x0000000700000000, 0x0000000800000000)
  region size 2048K, 4 young (8192K), 4 survivors (8192K)
 Metaspace       used 153012K, committed 155776K, reserved 622592K
  class space    used 21272K, committed 22592K, reserved 425984K
}
Event: 114.955 GC heap before
{Heap before GC invocations=122 (full 0):
 garbage-first heap   total 3301376K, used 696901K [0x0000000700000000, 0x0000000800000000)
  region size 2048K, 80 young (163840K), 4 survivors (8192K)
 Metaspace       used 153012K, committed 155776K, reserved 622592K
  class space    used 21272K, committed 22592K, reserved 425984K
}

Dll operation events (16 events):
Event: 0.009 Loaded shared library C:\Program Files\Microsoft\jdk-17.0.16.8-hotspot\bin\java.dll
Event: 0.023 Loaded shared library C:\Program Files\Microsoft\jdk-17.0.16.8-hotspot\bin\jsvml.dll
Event: 0.055 Loaded shared library C:\Program Files\Microsoft\jdk-17.0.16.8-hotspot\bin\zip.dll
Event: 0.058 Loaded shared library C:\Program Files\Microsoft\jdk-17.0.16.8-hotspot\bin\instrument.dll
Event: 0.061 Loaded shared library C:\Program Files\Microsoft\jdk-17.0.16.8-hotspot\bin\net.dll
Event: 0.062 Loaded shared library C:\Program Files\Microsoft\jdk-17.0.16.8-hotspot\bin\nio.dll
Event: 0.063 Loaded shared library C:\Program Files\Microsoft\jdk-17.0.16.8-hotspot\bin\zip.dll
Event: 0.267 Loaded shared library C:\Program Files\Microsoft\jdk-17.0.16.8-hotspot\bin\jimage.dll
Event: 0.473 Loaded shared library C:\Program Files\Microsoft\jdk-17.0.16.8-hotspot\bin\verify.dll
Event: 0.492 Loaded shared library C:\Users\ASUS\.gradle\native\660c5614fbf4a5f2a75b1949f50a0caf5cd603558e7d8a26e50b933a0cfb79d1\windows-amd64\native-platform.dll
Event: 0.504 Loaded shared library C:\Users\ASUS\.gradle\native\0.2.8\x86_64-windows-gnu\gradle-fileevents.dll
Event: 1.693 Loaded shared library C:\Program Files\Microsoft\jdk-17.0.16.8-hotspot\bin\management.dll
Event: 1.695 Loaded shared library C:\Program Files\Microsoft\jdk-17.0.16.8-hotspot\bin\management_ext.dll
Event: 1.885 Loaded shared library C:\Program Files\Microsoft\jdk-17.0.16.8-hotspot\bin\extnet.dll
Event: 2.075 Loaded shared library C:\Program Files\Microsoft\jdk-17.0.16.8-hotspot\bin\sunmscapi.dll
Event: 68.796 Loaded shared library C:\Program Files\Microsoft\jdk-17.0.16.8-hotspot\bin\rmi.dll

Deoptimization events (20 events):
Event: 114.110 Thread 0x000002c7394b11a0 DEOPT PACKING pc=0x000002c702b278ac sp=0x000000e0b72fa000
Event: 114.110 Thread 0x000002c7394b11a0 DEOPT UNPACKING pc=0x000002c70758ace3 sp=0x000000e0b72f98b0 mode 0
Event: 114.130 Thread 0x000002c7394b11a0 DEOPT PACKING pc=0x000002c702af9e1d sp=0x000000e0b72f9580
Event: 114.130 Thread 0x000002c7394b11a0 DEOPT UNPACKING pc=0x000002c70758ace3 sp=0x000000e0b72f8c70 mode 0
Event: 114.136 Thread 0x000002c738e61e90 DEOPT PACKING pc=0x000002c703190c86 sp=0x000000e0b69f9df0
Event: 114.136 Thread 0x000002c738e61e90 DEOPT UNPACKING pc=0x000002c70758ace3 sp=0x000000e0b69f92f8 mode 0
Event: 114.165 Thread 0x000002c7394b11a0 DEOPT PACKING pc=0x000002c702ac0ec7 sp=0x000000e0b72f9870
Event: 114.165 Thread 0x000002c7394b11a0 DEOPT UNPACKING pc=0x000002c70758ace3 sp=0x000000e0b72f8f78 mode 0
Event: 114.686 Thread 0x000002c7394b3000 DEOPT PACKING pc=0x000002c7027b9b2c sp=0x000000e0b6ffa190
Event: 114.686 Thread 0x000002c7394b3000 DEOPT UNPACKING pc=0x000002c70758ace3 sp=0x000000e0b6ff9730 mode 0
Event: 114.716 Thread 0x000002c738e61e90 DEOPT PACKING pc=0x000002c702b278ac sp=0x000000e0b69f9ee0
Event: 114.716 Thread 0x000002c738e61e90 DEOPT UNPACKING pc=0x000002c70758ace3 sp=0x000000e0b69f9790 mode 0
Event: 114.734 Thread 0x000002c738e61e90 DEOPT PACKING pc=0x000002c702b278ac sp=0x000000e0b69f9ee0
Event: 114.734 Thread 0x000002c738e61e90 DEOPT UNPACKING pc=0x000002c70758ace3 sp=0x000000e0b69f9790 mode 0
Event: 114.755 Thread 0x000002c7394b11a0 DEOPT PACKING pc=0x000002c702b278ac sp=0x000000e0b72fa000
Event: 114.756 Thread 0x000002c7394b11a0 DEOPT UNPACKING pc=0x000002c70758ace3 sp=0x000000e0b72f98b0 mode 0
Event: 114.773 Thread 0x000002c738e61e90 DEOPT PACKING pc=0x000002c702ac0ec7 sp=0x000000e0b69f9750
Event: 114.773 Thread 0x000002c738e61e90 DEOPT UNPACKING pc=0x000002c70758ace3 sp=0x000000e0b69f8e58 mode 0
Event: 114.777 Thread 0x000002c738e61e90 DEOPT PACKING pc=0x000002c7027b9b2c sp=0x000000e0b69f9dd0
Event: 114.777 Thread 0x000002c738e61e90 DEOPT UNPACKING pc=0x000002c70758ace3 sp=0x000000e0b69f9370 mode 0

Classes loaded (20 events):
Event: 72.220 Loading class java/util/IdentityHashMap$EntrySpliterator
Event: 72.221 Loading class java/util/IdentityHashMap$IdentityHashMapSpliterator
Event: 72.223 Loading class java/util/IdentityHashMap$IdentityHashMapSpliterator done
Event: 72.223 Loading class java/util/IdentityHashMap$EntrySpliterator done
Event: 72.224 Loading class java/util/stream/SortedOps$RefSortingSink
Event: 72.225 Loading class java/util/stream/SortedOps$RefSortingSink done
Event: 72.259 Loading class java/util/SortedSet$1
Event: 72.260 Loading class java/util/SortedSet$1 done
Event: 73.079 Loading class java/nio/ShortBuffer
Event: 73.083 Loading class java/nio/ShortBuffer done
Event: 73.093 Loading class java/util/concurrent/ConcurrentHashMap$TreeNode
Event: 73.094 Loading class java/util/concurrent/ConcurrentHashMap$TreeNode done
Event: 73.094 Loading class java/util/concurrent/ConcurrentHashMap$TreeBin
Event: 73.095 Loading class java/util/concurrent/ConcurrentHashMap$TreeBin done
Event: 73.138 Loading class java/nio/ByteBufferAsShortBufferL
Event: 73.140 Loading class java/nio/ByteBufferAsShortBufferL done
Event: 73.180 Loading class java/util/zip/Adler32
Event: 73.183 Loading class java/util/zip/Adler32 done
Event: 73.214 Loading class java/nio/file/Files$2
Event: 73.218 Loading class java/nio/file/Files$2 done

Classes unloaded (20 events):
Event: 75.047 Thread 0x000002c77f2521a0 Unloading class 0x000002c717349000 'java/lang/invoke/LambdaForm$DMH+0x000002c717349000'
Event: 75.047 Thread 0x000002c77f2521a0 Unloading class 0x000002c717348c00 'java/lang/invoke/LambdaForm$DMH+0x000002c717348c00'
Event: 75.047 Thread 0x000002c77f2521a0 Unloading class 0x000002c717348800 'java/lang/invoke/LambdaForm$DMH+0x000002c717348800'
Event: 75.047 Thread 0x000002c77f2521a0 Unloading class 0x000002c717348000 'java/lang/invoke/LambdaForm$DMH+0x000002c717348000'
Event: 75.047 Thread 0x000002c77f2521a0 Unloading class 0x000002c717079800 'java/lang/invoke/LambdaForm$MH+0x000002c717079800'
Event: 75.047 Thread 0x000002c77f2521a0 Unloading class 0x000002c71705f000 'java/lang/invoke/LambdaForm$MH+0x000002c71705f000'
Event: 75.047 Thread 0x000002c77f2521a0 Unloading class 0x000002c717053400 'java/lang/invoke/LambdaForm$MH+0x000002c717053400'
Event: 75.047 Thread 0x000002c77f2521a0 Unloading class 0x000002c716ff4c00 'java/lang/invoke/LambdaForm$MH+0x000002c716ff4c00'
Event: 75.047 Thread 0x000002c77f2521a0 Unloading class 0x000002c716fe7800 'java/lang/invoke/LambdaForm$MH+0x000002c716fe7800'
Event: 75.047 Thread 0x000002c77f2521a0 Unloading class 0x000002c716fd8800 'java/lang/invoke/LambdaForm$MH+0x000002c716fd8800'
Event: 75.047 Thread 0x000002c77f2521a0 Unloading class 0x000002c716f9ec00 'java/lang/invoke/LambdaForm$MH+0x000002c716f9ec00'
Event: 75.047 Thread 0x000002c77f2521a0 Unloading class 0x000002c716f49400 'java/lang/invoke/LambdaForm$MH+0x000002c716f49400'
Event: 75.047 Thread 0x000002c77f2521a0 Unloading class 0x000002c716ef4000 'java/lang/invoke/LambdaForm$MH+0x000002c716ef4000'
Event: 75.047 Thread 0x000002c77f2521a0 Unloading class 0x000002c716e9a800 'java/lang/invoke/LambdaForm$MH+0x000002c716e9a800'
Event: 76.954 Thread 0x000002c77f2521a0 Unloading class 0x000002c717571000 'java/lang/invoke/LambdaForm$DMH+0x000002c717571000'
Event: 76.954 Thread 0x000002c77f2521a0 Unloading class 0x000002c717570c00 'java/lang/invoke/LambdaForm$DMH+0x000002c717570c00'
Event: 76.954 Thread 0x000002c77f2521a0 Unloading class 0x000002c717570400 'java/lang/invoke/LambdaForm$DMH+0x000002c717570400'
Event: 76.954 Thread 0x000002c77f2521a0 Unloading class 0x000002c717504c00 'java/lang/invoke/LambdaForm$DMH+0x000002c717504c00'
Event: 76.954 Thread 0x000002c77f2521a0 Unloading class 0x000002c717504800 'java/lang/invoke/LambdaForm$DMH+0x000002c717504800'
Event: 76.954 Thread 0x000002c77f2521a0 Unloading class 0x000002c717504400 'java/lang/invoke/LambdaForm$DMH+0x000002c717504400'

Classes redefined (0 events):
No events

Internal exceptions (20 events):
Event: 95.049 Thread 0x000002c738e61470 Exception <a 'sun/nio/fs/WindowsException'{0x0000000745e4baf0}> (0x0000000745e4baf0) 
thrown [s\src\hotspot\share\prims\jni.cpp, line 516]
Event: 95.054 Thread 0x000002c7394b3000 Exception <a 'sun/nio/fs/WindowsException'{0x00000007454b7fe0}> (0x00000007454b7fe0) 
thrown [s\src\hotspot\share\prims\jni.cpp, line 516]
Event: 95.080 Thread 0x000002c738e61470 Exception <a 'sun/nio/fs/WindowsException'{0x0000000745eac198}> (0x0000000745eac198) 
thrown [s\src\hotspot\share\prims\jni.cpp, line 516]
Event: 95.114 Thread 0x000002c738e61470 Exception <a 'sun/nio/fs/WindowsException'{0x0000000741f0b9d0}> (0x0000000741f0b9d0) 
thrown [s\src\hotspot\share\prims\jni.cpp, line 516]
Event: 95.461 Thread 0x000002c738e61470 Exception <a 'sun/nio/fs/WindowsException'{0x0000000734d9fe50}> (0x0000000734d9fe50) 
thrown [s\src\hotspot\share\prims\jni.cpp, line 516]
Event: 95.492 Thread 0x000002c738e62dc0 Exception <a 'sun/nio/fs/WindowsException'{0x0000000733a664f0}> (0x0000000733a664f0) 
thrown [s\src\hotspot\share\prims\jni.cpp, line 516]
Event: 95.506 Thread 0x000002c738e61470 Exception <a 'sun/nio/fs/WindowsException'{0x0000000734dde4c8}> (0x0000000734dde4c8) 
thrown [s\src\hotspot\share\prims\jni.cpp, line 516]
Event: 95.570 Thread 0x000002c738e62dc0 Exception <a 'sun/nio/fs/WindowsException'{0x0000000733aa4ac8}> (0x0000000733aa4ac8) 
thrown [s\src\hotspot\share\prims\jni.cpp, line 516]
Event: 95.571 Thread 0x000002c738e61470 Exception <a 'sun/nio/fs/WindowsException'{0x00000007331fbaf8}> (0x00000007331fbaf8) 
thrown [s\src\hotspot\share\prims\jni.cpp, line 516]
Event: 95.581 Thread 0x000002c7394b3000 Exception <a 'sun/nio/fs/WindowsException'{0x00000007431d83c8}> (0x00000007431d83c8) 
thrown [s\src\hotspot\share\prims\jni.cpp, line 516]
Event: 95.626 Thread 0x000002c7394b3000 Exception <a 'sun/nio/fs/WindowsException'{0x00000007307ec578}> (0x00000007307ec578) 
thrown [s\src\hotspot\share\prims\jni.cpp, line 516]
Event: 95.626 Thread 0x000002c738e61470 Exception <a 'sun/nio/fs/WindowsException'{0x00000007310b8618}> (0x00000007310b8618) 
thrown [s\src\hotspot\share\prims\jni.cpp, line 516]
Event: 95.660 Thread 0x000002c7394b3000 Exception <a 'sun/nio/fs/WindowsException'{0x000000072fdbcb38}> (0x000000072fdbcb38) 
thrown [s\src\hotspot\share\prims\jni.cpp, line 516]
Event: 95.684 Thread 0x000002c7394b3000 Exception <a 'sun/nio/fs/WindowsException'{0x000000072e83a400}> (0x000000072e83a400) 
thrown [s\src\hotspot\share\prims\jni.cpp, line 516]
Event: 100.804 Thread 0x000002c738e61470 Exception <a 'sun/nio/fs/WindowsException'{0x0000000745576cc8}> (0x0000000745576cc8) 
thrown [s\src\hotspot\share\prims\jni.cpp, line 516]
Event: 100.872 Thread 0x000002c738e61470 Exception <a 'sun/nio/fs/WindowsException'{0x00000007455b53c0}> (0x00000007455b53c0) 
thrown [s\src\hotspot\share\prims\jni.cpp, line 516]
Event: 100.903 Thread 0x000002c7394b3000 Exception <a 'sun/nio/fs/WindowsException'{0x000000074330f4e8}> (0x000000074330f4e8) 
thrown [s\src\hotspot\share\prims\jni.cpp, line 516]
Event: 100.916 Thread 0x000002c738e5e1d0 Exception <a 'sun/nio/fs/WindowsException'{0x0000000742e65f98}> (0x0000000742e65f98) 
thrown [s\src\hotspot\share\prims\jni.cpp, line 516]
Event: 100.934 Thread 0x000002c7394b3000 Exception <a 'sun/nio/fs/WindowsException'{0x000000074336e898}> (0x000000074336e898) 
thrown [s\src\hotspot\share\prims\jni.cpp, line 516]
Event: 100.994 Thread 0x000002c738e5e1d0 Exception <a 'sun/nio/fs/WindowsException'{0x0000000742ea41c0}> (0x0000000742ea41c0) 
thrown [s\src\hotspot\share\prims\jni.cpp, line 516]

VM Operations (20 events):
Event: 102.517 Executing VM operation: G1CollectForAllocation done
Event: 102.641 Executing VM operation: G1CollectForAllocation
Event: 104.357 Executing VM operation: G1CollectForAllocation done
Event: 104.477 Executing VM operation: G1CollectForAllocation
Event: 105.357 Executing VM operation: G1CollectForAllocation done
Event: 105.871 Executing VM operation: G1CollectForAllocation
Event: 107.565 Executing VM operation: G1CollectForAllocation done
Event: 107.729 Executing VM operation: G1CollectForAllocation
Event: 108.300 Executing VM operation: G1CollectForAllocation done
Event: 108.471 Executing VM operation: G1CollectForAllocation
Event: 108.818 Executing VM operation: G1CollectForAllocation done
Event: 108.954 Executing VM operation: G1CollectForAllocation
Event: 109.412 Executing VM operation: G1CollectForAllocation done
Event: 109.718 Executing VM operation: G1CollectForAllocation
Event: 112.661 Executing VM operation: G1CollectForAllocation done
Event: 113.157 Executing VM operation: G1CollectForAllocation
Event: 113.977 Executing VM operation: G1CollectForAllocation done
Event: 114.167 Executing VM operation: G1CollectForAllocation
Event: 114.682 Executing VM operation: G1CollectForAllocation done
Event: 114.852 Executing VM operation: G1CollectForAllocation

Memory protections (0 events):
No events

Nmethod flushes (20 events):
Event: 94.309 Thread 0x000002c77f27f580 flushing  nmethod 0x000002c703208c10
Event: 94.309 Thread 0x000002c77f27f580 flushing  nmethod 0x000002c703213810
Event: 94.309 Thread 0x000002c77f27f580 flushing  nmethod 0x000002c703214510
Event: 94.309 Thread 0x000002c77f27f580 flushing  nmethod 0x000002c703223b10
Event: 94.309 Thread 0x000002c77f27f580 flushing  nmethod 0x000002c703224290
Event: 94.309 Thread 0x000002c77f27f580 flushing  nmethod 0x000002c703224c10
Event: 94.309 Thread 0x000002c77f27f580 flushing  nmethod 0x000002c70322c190
Event: 94.309 Thread 0x000002c77f27f580 flushing  nmethod 0x000002c70322c510
Event: 94.309 Thread 0x000002c77f27f580 flushing  nmethod 0x000002c703236510
Event: 94.309 Thread 0x000002c77f27f580 flushing  nmethod 0x000002c703239e10
Event: 94.309 Thread 0x000002c77f27f580 flushing  nmethod 0x000002c703256590
Event: 94.309 Thread 0x000002c77f27f580 flushing  nmethod 0x000002c703258090
Event: 94.309 Thread 0x000002c77f27f580 flushing  nmethod 0x000002c703270290
Event: 94.309 Thread 0x000002c77f27f580 flushing  nmethod 0x000002c703274210
Event: 94.309 Thread 0x000002c77f27f580 flushing  nmethod 0x000002c70328bd90
Event: 94.309 Thread 0x000002c77f27f580 flushing  nmethod 0x000002c70328fc10
Event: 94.309 Thread 0x000002c77f27f580 flushing  nmethod 0x000002c703290010
Event: 94.310 Thread 0x000002c77f27f580 flushing  nmethod 0x000002c7032e7790
Event: 94.310 Thread 0x000002c77f27f580 flushing  nmethod 0x000002c703411210
Event: 94.311 Thread 0x000002c77f27f580 flushing  nmethod 0x000002c7034a7390

Events (20 events):
Event: 45.029 Thread 0x000002c77fbb6000 Thread added: 0x000002c73b9d83f0
Event: 45.057 Thread 0x000002c73b9d83f0 Thread added: 0x000002c73b9d74c0
Event: 45.057 Thread 0x000002c73b9d83f0 Thread added: 0x000002c73b9d6fb0
Event: 47.464 Thread 0x000002c7345efe40 Thread exited: 0x000002c7345efe40
Event: 48.160 Thread 0x000002c77f276c30 Thread added: 0x000002c7345efe40
Event: 48.590 Thread 0x000002c7345efe40 Thread exited: 0x000002c7345efe40
Event: 52.478 Thread 0x000002c77f276c30 Thread added: 0x000002c7401585c0
Event: 55.077 Thread 0x000002c77fbb6000 Thread added: 0x000002c73b9da760
Event: 55.077 Thread 0x000002c77fbb6000 Thread added: 0x000002c73b9db690
Event: 55.112 Thread 0x000002c7399566e0 Thread added: 0x000002c73b9dbba0
Event: 55.868 Thread 0x000002c7401585c0 Thread exited: 0x000002c7401585c0
Event: 68.322 Thread 0x000002c739957100 Thread added: 0x000002c7418595a0
Event: 68.758 Thread 0x000002c7418595a0 Thread added: 0x000002c741857230
Event: 68.782 Thread 0x000002c7418595a0 Thread added: 0x000002c741858b80
Event: 68.802 Thread 0x000002c7418595a0 Thread added: 0x000002c741856d20
Event: 69.061 Thread 0x000002c7418595a0 Thread added: 0x000002c741859fc0
Event: 69.062 Thread 0x000002c7418595a0 Thread added: 0x000002c741859090
Event: 69.379 Thread 0x000002c741859fc0 Thread added: 0x000002c74185a4d0
Event: 114.867 Thread 0x000002c73b9d83f0 Thread exited: 0x000002c73b9d83f0
Event: 114.867 Thread 0x000002c73b9d6fb0 Thread exited: 0x000002c73b9d6fb0


Dynamic libraries:
0x00007ff7c97e0000 - 0x00007ff7c97ee000 	C:\Program Files\Microsoft\jdk-17.0.16.8-hotspot\bin\java.exe
0x00007fff05880000 - 0x00007fff05ae6000 	C:\WINDOWS\SYSTEM32\ntdll.dll
0x00007fff03fe0000 - 0x00007fff040a9000 	C:\WINDOWS\System32\KERNEL32.DLL
0x00007fff02b60000 - 0x00007fff02f5e000 	C:\WINDOWS\System32\KERNELBASE.dll
0x00007fff03450000 - 0x00007fff0359c000 	C:\WINDOWS\System32\ucrtbase.dll
0x00007ffee1310000 - 0x00007ffee1328000 	C:\Program Files\Microsoft\jdk-17.0.16.8-hotspot\bin\jli.dll
0x00007ffee2520000 - 0x00007ffee253e000 	C:\Program Files\Microsoft\jdk-17.0.16.8-hotspot\bin\VCRUNTIME140.dll
0x00007fff050d0000 - 0x00007fff05297000 	C:\WINDOWS\System32\USER32.dll
0x00007ffee5b00000 - 0x00007ffee5d92000 	C:\WINDOWS\WinSxS\amd64_microsoft.windows.common-controls_6595b64144ccf1df_6.0.26100.8894_none_3e0f749ee32e02ea\COMCTL32.dll
0x00007fff03160000 - 0x00007fff03187000 	C:\WINDOWS\System32\win32u.dll
0x00007fff03fb0000 - 0x00007fff03fdb000 	C:\WINDOWS\System32\GDI32.dll
0x00007fff04240000 - 0x00007fff042e9000 	C:\WINDOWS\System32\msvcrt.dll
0x00007fff02f70000 - 0x00007fff0309a000 	C:\WINDOWS\System32\gdi32full.dll
0x00007fff033a0000 - 0x00007fff03443000 	C:\WINDOWS\System32\msvcp_win.dll
0x00007fff03b10000 - 0x00007fff03b42000 	C:\WINDOWS\System32\IMM32.DLL
0x00007ffee2600000 - 0x00007ffee260c000 	C:\Program Files\Microsoft\jdk-17.0.16.8-hotspot\bin\vcruntime140_1.dll
0x00007ffea0470000 - 0x00007ffea04f9000 	C:\Program Files\Microsoft\jdk-17.0.16.8-hotspot\bin\msvcp140.dll
0x00007ffe0a580000 - 0x00007ffe0b1fa000 	C:\Program Files\Microsoft\jdk-17.0.16.8-hotspot\bin\server\jvm.dll
0x00007fff04320000 - 0x00007fff043d7000 	C:\WINDOWS\System32\ADVAPI32.dll
0x00007fff039d0000 - 0x00007fff03a7a000 	C:\WINDOWS\System32\sechost.dll
0x00007fff04fb0000 - 0x00007fff050c8000 	C:\WINDOWS\System32\RPCRT4.dll
0x00007fff040b0000 - 0x00007fff04130000 	C:\WINDOWS\System32\WS2_32.dll
0x00007fff015b0000 - 0x00007fff0160e000 	C:\WINDOWS\SYSTEM32\POWRPROF.dll
0x00007ffef4de0000 - 0x00007ffef4e16000 	C:\WINDOWS\SYSTEM32\WINMM.dll
0x00007ffef9590000 - 0x00007ffef959b000 	C:\WINDOWS\SYSTEM32\VERSION.dll
0x00007fff01590000 - 0x00007fff015a4000 	C:\WINDOWS\SYSTEM32\UMPDC.dll
0x00007fff018a0000 - 0x00007fff018bb000 	C:\WINDOWS\SYSTEM32\kernel.appcore.dll
0x00007ffed9630000 - 0x00007ffed963a000 	C:\Program Files\Microsoft\jdk-17.0.16.8-hotspot\bin\jimage.dll
0x00007fff00140000 - 0x00007fff00382000 	C:\WINDOWS\SYSTEM32\DBGHELP.DLL
0x00007fff035b0000 - 0x00007fff03933000 	C:\WINDOWS\System32\combase.dll
0x00007fff04dd0000 - 0x00007fff04ea9000 	C:\WINDOWS\System32\OLEAUT32.dll
0x00007ffed1220000 - 0x00007ffed125b000 	C:\WINDOWS\SYSTEM32\dbgcore.DLL
0x00007fff030a0000 - 0x00007fff0314c000 	C:\WINDOWS\System32\bcryptPrimitives.dll
0x00007ffee1ab0000 - 0x00007ffee1abf000 	C:\Program Files\Microsoft\jdk-17.0.16.8-hotspot\bin\instrument.dll
0x00007ffed95c0000 - 0x00007ffed95e6000 	C:\Program Files\Microsoft\jdk-17.0.16.8-hotspot\bin\java.dll
0x00007ffea0390000 - 0x00007ffea0466000 	C:\Program Files\Microsoft\jdk-17.0.16.8-hotspot\bin\jsvml.dll
0x00007fff043e0000 - 0x00007fff04b72000 	C:\WINDOWS\System32\SHELL32.dll
0x00007fff00530000 - 0x00007fff00dc2000 	C:\WINDOWS\SYSTEM32\windows.storage.dll
0x00007fff04140000 - 0x00007fff04237000 	C:\WINDOWS\System32\SHCORE.dll
0x00007fff04d60000 - 0x00007fff04dc7000 	C:\WINDOWS\System32\shlwapi.dll
0x00007fff029c0000 - 0x00007fff029e9000 	C:\WINDOWS\SYSTEM32\profapi.dll
0x00007ffecd830000 - 0x00007ffecd848000 	C:\Program Files\Microsoft\jdk-17.0.16.8-hotspot\bin\zip.dll
0x00007ffed9420000 - 0x00007ffed943b000 	C:\Program Files\Microsoft\jdk-17.0.16.8-hotspot\bin\net.dll
0x00007ffef9750000 - 0x00007ffef9877000 	C:\WINDOWS\SYSTEM32\WINHTTP.dll
0x00007fff01e50000 - 0x00007fff01ebc000 	C:\WINDOWS\system32\mswsock.dll
0x00007ffed6b50000 - 0x00007ffed6b66000 	C:\Program Files\Microsoft\jdk-17.0.16.8-hotspot\bin\nio.dll
0x00007ffef8340000 - 0x00007ffef8350000 	C:\Program Files\Microsoft\jdk-17.0.16.8-hotspot\bin\verify.dll
0x00007ffec0100000 - 0x00007ffec0127000 	C:\Users\ASUS\.gradle\native\660c5614fbf4a5f2a75b1949f50a0caf5cd603558e7d8a26e50b933a0cfb79d1\windows-amd64\native-platform.dll
0x00007ffe823d0000 - 0x00007ffe82447000 	C:\Users\ASUS\.gradle\native\0.2.8\x86_64-windows-gnu\gradle-fileevents.dll
0x00007ffed9620000 - 0x00007ffed962a000 	C:\Program Files\Microsoft\jdk-17.0.16.8-hotspot\bin\management.dll
0x00007ffed6b40000 - 0x00007ffed6b4c000 	C:\Program Files\Microsoft\jdk-17.0.16.8-hotspot\bin\management_ext.dll
0x00007fff03b50000 - 0x00007fff03b58000 	C:\WINDOWS\System32\PSAPI.DLL
0x00007fff01190000 - 0x00007fff011c3000 	C:\WINDOWS\SYSTEM32\IPHLPAPI.DLL
0x00007fff039c0000 - 0x00007fff039ca000 	C:\WINDOWS\System32\NSI.dll
0x00007ffefbcb0000 - 0x00007ffefbccd000 	C:\WINDOWS\SYSTEM32\dhcpcsvc6.DLL
0x00007ffefb140000 - 0x00007ffefb165000 	C:\WINDOWS\SYSTEM32\dhcpcsvc.DLL
0x00007fff01220000 - 0x00007fff01376000 	C:\WINDOWS\SYSTEM32\DNSAPI.dll
0x00007fff01c30000 - 0x00007fff01c3d000 	C:\WINDOWS\SYSTEM32\DSPARSE.dll
0x00007ffecce90000 - 0x00007ffecce99000 	C:\Program Files\Microsoft\jdk-17.0.16.8-hotspot\bin\extnet.dll
0x00007fff02170000 - 0x00007fff0218b000 	C:\WINDOWS\SYSTEM32\CRYPTSP.dll
0x00007fff017e0000 - 0x00007fff01819000 	C:\WINDOWS\system32\rsaenh.dll
0x00007fff01f10000 - 0x00007fff01f42000 	C:\WINDOWS\SYSTEM32\USERENV.dll
0x00007fff02990000 - 0x00007fff029ba000 	C:\WINDOWS\SYSTEM32\bcrypt.dll
0x00007fff02150000 - 0x00007fff0215c000 	C:\WINDOWS\SYSTEM32\CRYPTBASE.dll
0x00007ffedecd0000 - 0x00007ffedecde000 	C:\Program Files\Microsoft\jdk-17.0.16.8-hotspot\bin\sunmscapi.dll
0x00007fff03220000 - 0x00007fff03398000 	C:\WINDOWS\System32\CRYPT32.dll
0x00007fff02390000 - 0x00007fff023c0000 	C:\WINDOWS\SYSTEM32\ncrypt.dll
0x00007fff02340000 - 0x00007fff0237f000 	C:\WINDOWS\SYSTEM32\NTASN1.dll
0x00007ffecd9f0000 - 0x00007ffecd9f8000 	C:\WINDOWS\system32\wshunix.dll
0x00007ffeec790000 - 0x00007ffeec797000 	C:\Program Files\Microsoft\jdk-17.0.16.8-hotspot\bin\rmi.dll

dbghelp: loaded successfully - version: 4.0.5 - missing functions: none
symbol engine: initialized successfully - sym options: 0x614 - pdb path: .;C:\Program Files\Microsoft\jdk-17.0.16.8-hotspot\bin;C:\WINDOWS\SYSTEM32;C:\WINDOWS\WinSxS\amd64_microsoft.windows.common-controls_6595b64144ccf1df_6.0.26100.8894_none_3e0f749ee32e02ea;C:\Program Files\Microsoft\jdk-17.0.16.8-hotspot\bin\server;C:\Users\ASUS\.gradle\native\660c5614fbf4a5f2a75b1949f50a0caf5cd603558e7d8a26e50b933a0cfb79d1\windows-amd64;C:\Users\ASUS\.gradle\native\0.2.8\x86_64-windows-gnu

VM Arguments:
jvm_args: --add-opens=java.base/java.lang=ALL-UNNAMED --add-opens=java.base/java.lang.invoke=ALL-UNNAMED --add-opens=java.base/java.util=ALL-UNNAMED --add-opens=java.prefs/java.util.prefs=ALL-UNNAMED --add-exports=jdk.compiler/com.sun.tools.javac.api=ALL-UNNAMED --add-exports=jdk.compiler/com.sun.tools.javac.util=ALL-UNNAMED --add-opens=java.base/java.util=ALL-UNNAMED --add-opens=java.prefs/java.util.prefs=ALL-UNNAMED --add-opens=java.base/java.nio.charset=ALL-UNNAMED --add-opens=java.base/java.net=ALL-UNNAMED --add-opens=java.base/java.util.concurrent=ALL-UNNAMED --add-opens=java.base/java.util.concurrent.atomic=ALL-UNNAMED --add-opens=java.xml/javax.xml.namespace=ALL-UNNAMED --add-opens=java.base/java.time=ALL-UNNAMED -XX:MaxMetaspaceSize=512m -Xmx4096m -Dfile.encoding=windows-1252 -Duser.country=IN -Duser.language=en -Duser.variant -javaagent:C:\Users\ASUS\.gradle\wrapper\dists\gradle-9.3.1-bin\23ovyewtku6u96viwx3xl3oks\gradle-9.3.1\lib\agents\gradle-instrumentation-agent-9.3.1.jar 
java_command: org.gradle.launcher.daemon.bootstrap.GradleDaemon 9.3.1
java_class_path (initial): C:\Users\ASUS\.gradle\wrapper\dists\gradle-9.3.1-bin\23ovyewtku6u96viwx3xl3oks\gradle-9.3.1\lib\gradle-daemon-main-9.3.1.jar
Launcher Type: SUN_STANDARD

[Global flags]
     intx CICompilerCount                          = 4                                         {product} {ergonomic}
   size_t CompressedClassSpaceSize                 = 436207616                                 {product} {ergonomic}
     uint ConcGCThreads                            = 3                                         {product} {ergonomic}
     uint G1ConcRefinementThreads                  = 10                                        {product} {ergonomic}
   size_t G1HeapRegionSize                         = 2097152                                   {product} {ergonomic}
    uintx GCDrainStackTargetSize                   = 64                                        {product} {ergonomic}
   size_t InitialHeapSize                          = 130023424                                 {product} {ergonomic}
   size_t MarkStackSize                            = 4194304                                   {product} {ergonomic}
   size_t MaxHeapSize                              = 4294967296                                {product} {command line}
   size_t MaxMetaspaceSize                         = 536870912                                 {product} {command line}
   size_t MaxNewSize                               = 2575302656                                {product} {ergonomic}
   size_t MinHeapDeltaBytes                        = 2097152                                   {product} {ergonomic}
   size_t MinHeapSize                              = 8388608                                   {product} {ergonomic}
    uintx NonNMethodCodeHeapSize                   = 5839372                                {pd product} {ergonomic}
    uintx NonProfiledCodeHeapSize                  = 122909434                              {pd product} {ergonomic}
    uintx ProfiledCodeHeapSize                     = 122909434                              {pd product} {ergonomic}
    uintx ReservedCodeCacheSize                    = 251658240                              {pd product} {ergonomic}
     bool SegmentedCodeCache                       = true                                      {product} {ergonomic}
   size_t SoftMaxHeapSize                          = 4294967296                             {manageable} {ergonomic}
     bool UseCompressedClassPointers               = true                           {product lp64_product} {ergonomic}
     bool UseCompressedOops                        = true                           {product lp64_product} {ergonomic}
     bool UseG1GC                                  = true                                      {product} {ergonomic}
     bool UseLargePagesIndividualAllocation        = false                                  {pd product} {ergonomic}

Logging:
Log output configuration:
 #0: stdout all=warning uptime,level,tags
 #1: stderr all=off uptime,level,tags

Environment Variables:
JAVA_HOME=C:\Program Files\Microsoft\jdk-17.0.16.8-hotspot
PATH=C:\ProgramData\anaconda3;C:\ProgramData\anaconda3\Library\mingw-w64\bin;C:\ProgramData\anaconda3\Library\usr\bin;C:\ProgramData\anaconda3\Library\bin;C:\ProgramData\anaconda3\Scripts;C:\ProgramData\anaconda3\bin;C:\ProgramData\anaconda3\condabin;C:\Users\ASUS\.gemini\antigravity-ide\bin;C:\Program Files\Microsoft\jdk-17.0.16.8-hotspot\bin;C:\Windows\system32;C:\Windows;C:\Windows\System32\Wbem;C:\Windows\System32\WindowsPowerShell\v1.0;C:\Windows\System32\OpenSSH;C:\Program Files (x86)\NVIDIA Corporation\PhysX\Common;C:\Program Files\NVIDIA Corporation\NVIDIA NvDLISR;C:\WINDOWS\system32;C:\WINDOWS;C:\WINDOWS\System32\Wbem;C:\WINDOWS\System32\WindowsPowerShell\v1.0;C:\WINDOWS\System32\OpenSSH;C:\ProgramData\chocolatey\bin;C:\Users\ASUS\AppData\Local\Android\Sdk\platforms;C:\Users\ASUS\AppData\Local\Android\Sdk;C:\Users\ASUS\AppData\Local\Android\Sdk\platform-tools;C:\Users\ASUS\AppData\Local\Android\Sdk\emulator;C:\Users\ASUS\AppData\Local\Android\Sdk\build-tools;C:\tools\ngrok;C:\Program Files\Git\cmd;C:\Program Files\nodejs;C:\Program Files\cursor\resources\app\bin;C:\Users\ASUS\AppData\Local\Programs\Python\Python313\Scripts;C:\Users\ASUS\AppData\Local\Programs\Python\Python313;C:\Users\ASUS\AppData\Local\Programs\Python\Launcher;C:\Users\ASUS\AppData\Local\Microsoft\WindowsApps;C:\Users\ASUS\AppData\Local\Programs\Microsoft VS Code\bin;C:\Users\ASUS\AppData\Local\Programs\cursor\resources\app\bin;C:\Users\ASUS\AppData\Local\Programs\Windsurf\bin;C:\Users\ASUS\AppData\Roaming\npm;C:\Users\ASUS\AppData\Local\Android\Sdk\platform-tools;C:\Users\ASUS\AppData\Local\Android\Sdk;C:\Users\ASUS\AppData\Local\Android\Sdk\emulator;C:\Users\ASUS\AppData\Local\Android\Sdk\build-tools;C:\Users\ASUS\AppData\Local\Android\Sdk\platforms;C:\Program Files\Microsoft\jdk-17.0.16.8-hotspot\bin;C:\Users\ASUS\AppData\Local\Programs\Antigravity\bin;C:\Users\ASUS\AppData\Local\Programs\Ollama;C:\Users\ASUS\.claude\bin;C:\Users\ASUS\AppData\Local\Programs\Antigravity IDE\bin
USERNAME=ASUS
OS=Windows_NT
PROCESSOR_IDENTIFIER=Intel64 Family 6 Model 141 Stepping 1, GenuineIntel
TMP=C:\Users\ASUS\AppData\Local\Temp
TEMP=C:\Users\ASUS\AppData\Local\Temp



Periodic native trim disabled


---------------  S Y S T E M  ---------------

OS:
 Windows 11 , 64 bit Build 26100 (10.0.26100.8875)
OS uptime: 4 days 19:06 hours
Hyper-V role detected

CPU: total 12 (initial active 12) (6 cores per cpu, 2 threads per core) family 6 model 141 stepping 1 microcode 0x50, cx8, cmov, fxsr, ht, mmx, 3dnowpref, sse, sse2, sse3, ssse3, sse4.1, sse4.2, popcnt, lzcnt, tsc, tscinvbit, avx, avx2, aes, erms, clmul, bmi1, bmi2, adx, avx512f, avx512dq, avx512cd, avx512bw, avx512vl, sha, fma, vzeroupper, avx512_vpopcntdq, avx512_vpclmulqdq, avx512_vaes, avx512_vnni, clflush, clflushopt, clwb, avx512_vbmi2, avx512_vbmi, hv
Processor Information for the first 12 processors :
  Max Mhz: 2688, Current Mhz: 2688, Mhz Limit: 2688

Memory: 4k page, system-wide physical 7914M (243M free)
TotalPageFile size 32490M (AvailPageFile size 38M)
current process WorkingSet (physical memory assigned to process): 299M, peak: 1404M
current process commit charge ("private bytes"): 3901M, peak: 4251M

vm_info: OpenJDK 64-Bit Server VM (17.0.16+8-LTS) for windows-amd64 JRE (17.0.16+8-LTS), built on Jul 10 2025 00:24:24 by "MicrosoftCorporation" with unknown MS VC++:1944

END.
